Player_ID,Player,BirthYear,Pos,Height,Foot,MarketValue,League
205179,Jádson,1993,Central Midfield,"1,71 m",right,€1.00m,Campeonato Brasileiro Série A
570583,Lucas Wingert,1999,Goalkeeper,"2,00 m",left,€50k,Campeonato Brasileiro Série A
519877,Dudu Vieira,1994,Central Midfield,"1,76 m",right,€750k,Campeonato Brasileiro Série A
892091,Mandaca,2001,Central Midfield,"1,78 m",right,€1.50m,Campeonato Brasileiro Série A
68102,Renan,1989,Goalkeeper,"1,90 m",right,€200k,Campeonato Brasileiro Série A
809716,Lucas Freitas,2001,Centre-Back,"1,84 m",left,€450k,Campeonato Brasileiro Série A
902507,Werik Popó,2001,Centre-Forward,"1,90 m",right,€350k,Campeonato Brasileiro Série A
583064,Thiago Conti,1997,Central Midfield,"1,80 m",right,€250k,Campeonato Brasileiro Série A
363174,Rodrigo Sam,1995,Centre-Back,"1,87 m",right,€350k,Campeonato Brasileiro Série A
726005,Guilherme Castilho,1999,Central Midfield,"1,80 m",right,€1.40m,Campeonato Brasileiro Série A
348039,Ronie Carrillo,1996,Centre-Forward,"1,86 m",right,€500k,Campeonato Brasileiro Série A
1226334,Rafael Pinna,2007,Centre-Forward,"1,83 m",,,Campeonato Brasileiro Série A
524602,Romércio,1997,Centre-Back,"1,85 m",right,-,Campeonato Brasileiro Série A
405768,Ronaldo,1996,Defensive Midfield,"1,79 m",right,€700k,Campeonato Brasileiro Série A
733453,Mateus Claus,1994,Goalkeeper,"1,94 m",right,€350k,Campeonato Brasileiro Série A
740491,Kelvi Gomes,2002,Defensive Midfield,"1,82 m",right,€250k,Campeonato Brasileiro Série A
800177,Rildo,2000,Right Winger,"1,78 m",right,€1.00m,Campeonato Brasileiro Série A
1226336,João Vitor,2002,Right-Back,"1,74 m",right,€100k,Campeonato Brasileiro Série A
794925,Edson Carioca,1997,Centre-Forward,"1,79 m",right,€650k,Campeonato Brasileiro Série A
323850,Zé Marcos,1998,Centre-Back,"1,88 m",left,€900k,Campeonato Brasileiro Série A
29091,Nenê,1981,Attacking Midfield,"1,81 m",left,€150k,Campeonato Brasileiro Série A
1086632,Abner,2004,Centre-Back,"1,89 m",right,€150k,Campeonato Brasileiro Série A
555310,Caíque Gonçalves,1995,Defensive Midfield,"1,78 m",right,€500k,Campeonato Brasileiro Série A
75080,Alan Ruschel,1989,Left-Back,"1,76 m",left,€175k,Campeonato Brasileiro Série A
813120,Marcelinho,2002,Right Winger,"1,64 m",right,€900k,Campeonato Brasileiro Série A
1274072,Mário,2005,Goalkeeper,"1,94 m",,,Campeonato Brasileiro Série A
1053933,Ruan,2005,Right Winger,"1,72 m",right,€800k,Campeonato Brasileiro Série A
1122164,Pedro Bez,2004,Goalkeeper,"1,94 m",right,,Campeonato Brasileiro Série A
435211,Jefferson,1997,Left-Back,"1,76 m",left,€350k,Campeonato Brasileiro Série A
79242,Gabriel,1992,Goalkeeper,"1,94 m",right,€1.00m,Campeonato Brasileiro Série A
979629,Yan Souto,2001,Centre-Back,"1,88 m",right,€450k,Campeonato Brasileiro Série A
555277,Luís Oyama,1997,Defensive Midfield,"1,71 m",right,€700k,Campeonato Brasileiro Série A
1096275,Davi Gées,2005,Defensive Midfield,"1,85 m",left,€150k,Campeonato Brasileiro Série A
658665,Kleiton Pego,1999,Right Winger,"1,82 m",right,€250k,Campeonato Brasileiro Série A
675047,Daniel Peixoto,1997,Defensive Midfield,"1,81 m",right,€100k,Campeonato Brasileiro Série A
585876,Gabriel Taliari,1997,Centre-Forward,"1,77 m",right,€600k,Campeonato Brasileiro Série A
752724,David da Hora,2000,Left Winger,"1,79 m",right,€750k,Campeonato Brasileiro Série A
1224014,Marlon Santos,2005,Attack,"1,75 m",,,Campeonato Brasileiro Série A
606136,Danilo Boza,1998,Centre-Back,"1,85 m",right,€1.50m,Campeonato Brasileiro Série A
1260621,Mateus Schaffer,2007,Centre-Back,"1,85 m",,,Campeonato Brasileiro Série A
405720,Diego Gonçalves,1994,Left Winger,"1,82 m",right,€400k,Campeonato Brasileiro Série A
1145660,Tomi Montefiori,2003,Right Winger,"1,76 m",,-,Campeonato Brasileiro Série A
1096266,Da Rocha,2004,Left-Back,"1,85 m",left,,Campeonato Brasileiro Série A
816144,Lucas Barbosa,2001,Right Winger,"1,94 m",left,€3.00m,Campeonato Brasileiro Série A
788402,Gabriel Inocêncio,1994,Right-Back,"1,75 m",right,€250k,Campeonato Brasileiro Série A
535037,Erick Farias,1997,Centre-Forward,"1,74 m",right,€1.50m,Campeonato Brasileiro Série A
102574,Jean Carlos,1992,Attacking Midfield,"1,78 m",left,€600k,Campeonato Brasileiro Série A
672292,João Lucas,1998,Right-Back,"1,81 m",right,€2.00m,Campeonato Brasileiro Série A
986895,Luis Felipe,2002,Defensive Midfield,"1,80 m",right,€150k,Campeonato Brasileiro Série A
676034,Ewerthon,2000,Right-Back,"1,71 m",right,€1.00m,Campeonato Brasileiro Série A
379198,Matheus Vargas,1996,Central Midfield,"1,81 m",right,€750k,Campeonato Brasileiro Série A
164013,Gilberto,1989,Centre-Forward,"1,78 m",right,€350k,Campeonato Brasileiro Série A
1096274,João Trevisol,2005,Central Midfield,"1,85 m",,,Campeonato Brasileiro Série A
788361,Moisés,1996,Left Winger,"1,77 m",right,€2.50m,Campeonato Brasileiro Série A
888545,Eros Mancuso,1999,Right-Back,"1,71 m",right,€4.00m,Campeonato Brasileiro Série A
950342,Iarley,2003,Centre-Forward,,,,Campeonato Brasileiro Série A
587786,Felipe Jonatan,1998,Left-Back,"1,76 m",left,€2.50m,Campeonato Brasileiro Série A
404321,Renato Kayzer,1996,Centre-Forward,"1,76 m",right,€1.00m,Campeonato Brasileiro Série A
162807,Juan Martín Lucero,1991,Centre-Forward,"1,82 m",right,€1.50m,Campeonato Brasileiro Série A
422700,Tomás Cardona,1995,Centre-Back,"1,85 m",left,€1.80m,Campeonato Brasileiro Série A
186399,Thiago Galhardo,1989,Centre-Forward,"1,83 m",right,€500k,Campeonato Brasileiro Série A
876750,Bruno Guimarães,2002,Goalkeeper,"1,92 m",right,€75k,Campeonato Brasileiro Série A
818068,Magrão,2000,Goalkeeper,"1,97 m",right,€300k,Campeonato Brasileiro Série A
348354,Tomás Pochettino,1996,Attacking Midfield,"1,80 m",right,€6.00m,Campeonato Brasileiro Série A
594105,Pedro Augusto,1997,Central Midfield,"1,81 m",right,€1.80m,Campeonato Brasileiro Série A
749557,Thauan Lara,2004,Left-Back,"1,76 m",left,€700k,Campeonato Brasileiro Série A
1082774,Amorim,2005,Attacking Midfield,"1,77 m",right,,Campeonato Brasileiro Série A
829968,Imanol Machuca,2000,Right Winger,"1,70 m",right,€3.00m,Campeonato Brasileiro Série A
811949,Jhonathan,1999,Centre-Back,"1,86 m",right,,Campeonato Brasileiro Série A
270420,João Ricardo,1988,Goalkeeper,"1,86 m",right,€500k,Campeonato Brasileiro Série A
340840,Benjamín Kuscevic,1996,Centre-Back,"1,86 m",right,€2.00m,Campeonato Brasileiro Série A
273442,Tinga,1993,Right-Back,"1,79 m",right,€1.20m,Campeonato Brasileiro Série A
55250,Titi,1988,Centre-Back,"1,88 m",left,€200k,Campeonato Brasileiro Série A
982617,Hércules,2000,Central Midfield,"1,78 m",right,€6.00m,Campeonato Brasileiro Série A
476339,Marcelo Benevenuto,1996,Centre-Back,"1,81 m",right,€1.70m,Campeonato Brasileiro Série A
265660,Yago Pikachu,1992,Right Winger,"1,72 m",right,€1.00m,Campeonato Brasileiro Série A
1074479,Kauan,2005,Central Midfield,"1,74 m",right,€1.00m,Campeonato Brasileiro Série A
1101134,Fabricio Dias,2004,Defensive Midfield,"1,76 m",right,,Campeonato Brasileiro Série A
438431,Mauricio Kozlinski,1991,Goalkeeper,"1,91 m",right,€250k,Campeonato Brasileiro Série A
74758,Marinho,1990,Right Winger,"1,69 m",left,€500k,Campeonato Brasileiro Série A
798114,Calebe,2000,Attacking Midfield,"1,73 m",left,€2.00m,Campeonato Brasileiro Série A
262851,Emanuel Brítez,1992,Centre-Back,"1,78 m",right,€1.00m,Campeonato Brasileiro Série A
896338,Kervin Andrade,2005,Attacking Midfield,"1,63 m",right,€1.50m,Campeonato Brasileiro Série A
1082724,Geilson Souza,2003,Centre-Back,,,,Campeonato Brasileiro Série A
542598,Breno Lopes,1996,Left Winger,"1,78 m",right,€2.50m,Campeonato Brasileiro Série A
440377,Gonzalo Escobar,1997,Left-Back,"1,71 m",left,€600k,Campeonato Brasileiro Série A
445000,Matheus Rossetto,1996,Central Midfield,"1,80 m",right,€1.50m,Campeonato Brasileiro Série A
360526,Emmanuel Martínez,1994,Attacking Midfield,"1,69 m",right,€1.50m,Campeonato Brasileiro Série A
323452,Zé Welison,1995,Defensive Midfield,"1,77 m",right,€2.00m,Campeonato Brasileiro Série A
140811,Santos,1990,Goalkeeper,"1,88 m",right,€800k,Campeonato Brasileiro Série A
121986,Lucas Sasha,1990,Defensive Midfield,"1,77 m",both,€300k,Campeonato Brasileiro Série A
538230,Bruno Melo,1992,Centre-Back,"1,83 m",left,€400k,Campeonato Brasileiro Série A
476362,Dudu,1997,Right-Back,"1,75 m",right,€1.30m,Campeonato Brasileiro Série A
362844,Pedro Rocha,1994,Left Winger,"1,75 m",right,€1.50m,Campeonato Brasileiro Série A
402825,Luquinhas,1996,Left Winger,"1,69 m",right,€2.00m,Campeonato Brasileiro Série A
435163,Bruno Pacheco,1991,Left-Back,"1,75 m",left,€400k,Campeonato Brasileiro Série A
491701,Fausto Vera,2000,Defensive Midfield,"1,80 m",right,€5.00m,Campeonato Brasileiro Série A
1083073,Cadu,2004,Centre-Forward,"1,88 m",right,€500k,Campeonato Brasileiro Série A
743588,Rômulo,2004,Centre-Back,"1,83 m",right,€500k,Campeonato Brasileiro Série A
54155,Mariano,1986,Right-Back,"1,77 m",right,€200k,Campeonato Brasileiro Série A
1083072,Caio Maia,2005,Left Winger,,,,Campeonato Brasileiro Série A
515208,Pedrinho,1998,Right Winger,"1,72 m",left,€5.00m,Campeonato Brasileiro Série A
978121,Gabriel Delfim,2002,Goalkeeper,"1,89 m",left,€200k,Campeonato Brasileiro Série A
1116366,Paulo Vitor,2004,Defensive Midfield,"1,84 m",right,€900k,Campeonato Brasileiro Série A
312314,Otávio,1994,Defensive Midfield,"1,73 m",right,€4.00m,Campeonato Brasileiro Série A
480774,Matías Zaracho,1998,Attacking Midfield,"1,71 m",right,€8.00m,Campeonato Brasileiro Série A
1083089,Gabriel Átila,2003,Goalkeeper,"1,93 m",,€100k,Campeonato Brasileiro Série A
80562,Hulk,1986,Centre-Forward,"1,80 m",left,€1.50m,Campeonato Brasileiro Série A
89718,Eduardo Vargas,1989,Centre-Forward,"1,74 m",right,€800k,Campeonato Brasileiro Série A
346766,Guilherme Arana,1997,Left-Back,"1,76 m",left,€13.00m,Campeonato Brasileiro Série A
273000,Júnior Alonso,1993,Centre-Back,"1,85 m",left,€6.00m,Campeonato Brasileiro Série A
243541,Deyverson,1991,Centre-Forward,"1,87 m",left,€700k,Campeonato Brasileiro Série A
843397,Rubens,2001,Left-Back,"1,78 m",left,€4.00m,Campeonato Brasileiro Série A
834898,Vitinho,2004,Defensive Midfield,"1,78 m",,€200k,Campeonato Brasileiro Série A
1005006,Vitor Gabriel,2006,Right-Back,"1,76 m",right,€800k,Campeonato Brasileiro Série A
834461,Caio Ribas,2004,Defensive Midfield,"1,73 m",right,,Campeonato Brasileiro Série A
1051322,Robert Santos,2003,Attacking Midfield,"1,80 m",left,€300k,Campeonato Brasileiro Série A
1127846,Julio César,2004,Left-Back,"1,84 m",,,Campeonato Brasileiro Série A
303140,Mauricio Lemos,1995,Centre-Back,"1,87 m",right,€2.50m,Campeonato Brasileiro Série A
1220179,João Rafael,2005,Midfield,,,,Campeonato Brasileiro Série A
1083069,Isaac,2004,Centre-Forward,"1,85 m",both,€600k,Campeonato Brasileiro Série A
175169,Bernard,1992,Left Winger,"1,67 m",right,€1.80m,Campeonato Brasileiro Série A
330085,Gustavo Scarpa,1994,Attacking Midfield,"1,77 m",left,€8.00m,Campeonato Brasileiro Série A
341701,Igor Rabello,1995,Centre-Back,"1,90 m",right,€2.00m,Campeonato Brasileiro Série A
428791,Paulinho,2000,Left Winger,"1,77 m",right,€17.00m,Campeonato Brasileiro Série A
53922,Alan Kardec,1989,Centre-Forward,"1,90 m",right,€250k,Campeonato Brasileiro Série A
169052,Edenilson,1989,Central Midfield,"1,75 m",right,€900k,Campeonato Brasileiro Série A
629077,Matheus Mendes,1999,Goalkeeper,"1,93 m",right,€300k,Campeonato Brasileiro Série A
379807,Lyanco,1997,Centre-Back,"1,87 m",right,€3.00m,Campeonato Brasileiro Série A
268642,Renzo Saravia,1993,Right-Back,"1,78 m",right,€2.00m,Campeonato Brasileiro Série A
989925,Brahian Palacios,2002,Right Winger,"1,82 m",left,€1.50m,Campeonato Brasileiro Série A
333159,Patrick,1992,Central Midfield,"1,76 m",left,€1.50m,Campeonato Brasileiro Série A
89297,Rodrigo Battaglia,1991,Defensive Midfield,"1,87 m",right,€1.00m,Campeonato Brasileiro Série A
553459,Igor Gomes,1999,Attacking Midfield,"1,83 m",right,€3.50m,Campeonato Brasileiro Série A
1083070,Alisson,2005,Right Winger,"1,83 m",left,€4.50m,Campeonato Brasileiro Série A
106032,Everson,1990,Goalkeeper,"1,92 m",right,€1.50m,Campeonato Brasileiro Série A
258254,Jemerson,1992,Centre-Back,"1,84 m",right,€1.20m,Campeonato Brasileiro Série A
373170,Cristian Pavón,1996,Right Winger,"1,74 m",right,€3.00m,Campeonato Brasileiro Série A
400960,Alan Franco,1998,Central Midfield,"1,76 m",right,€3.50m,Campeonato Brasileiro Série A
563692,Bruno Fuchs,1999,Centre-Back,"1,90 m",right,€2.00m,Campeonato Brasileiro Série A
848561,Yeferson Rodallega,2000,Left-Back,"1,78 m",left,€650k,Campeonato Brasileiro Série A
155470,Jorginho,1991,Attacking Midfield,"1,80 m",right,€350k,Campeonato Brasileiro Série A
1106875,Mateo Zuleta,2002,Left Winger,"1,70 m",right,€450k,Campeonato Brasileiro Série A
719251,Derek,1997,Centre-Forward,"1,85 m",left,€800k,Campeonato Brasileiro Série A
350766,Maguinho,1992,Right-Back,"1,75 m",right,€250k,Campeonato Brasileiro Série A
349737,Arthur Henrique,1994,Left-Back,"1,76 m",left,-,Campeonato Brasileiro Série A
670940,Janderson,1999,Right Winger,"1,69 m",right,€900k,Campeonato Brasileiro Série A
552242,Baralhas,1998,Defensive Midfield,"1,78 m",right,€1.20m,Campeonato Brasileiro Série A
196520,Gonzalo Freitas,1991,Defensive Midfield,"1,86 m",right,€300k,Campeonato Brasileiro Série A
980981,Thiago Medeiros,2004,Defensive Midfield,"1,76 m",right,,Campeonato Brasileiro Série A
480274,Shaylon,1997,Attacking Midfield,"1,78 m",left,€1.50m,Campeonato Brasileiro Série A
1092836,Mateus Macedo,2005,Centre-Back,,,,Campeonato Brasileiro Série A
435489,Lucas Kal,1996,Defensive Midfield,"1,86 m",right,€1.30m,Campeonato Brasileiro Série A
1007084,Igor Ribeiro,2001,Centre-Back,"1,84 m",left,€50k,Campeonato Brasileiro Série A
996242,Marcão,2001,Centre-Back,"1,92 m",right,€100k,Campeonato Brasileiro Série A
1121622,Breno Santos,1998,Defensive Midfield,"1,81 m",right,€50k,Campeonato Brasileiro Série A
519879,Guilherme Romão,1997,Left-Back,"1,76 m",left,€400k,Campeonato Brasileiro Série A
813038,Emerson Junior,2000,Goalkeeper,"1,96 m",right,€100k,Campeonato Brasileiro Série A
739272,Adriano Martins,1997,Centre-Back,"1,93 m",right,€500k,Campeonato Brasileiro Série A
373150,Luiz Felipe,1993,Centre-Back,"1,89 m",right,€750k,Campeonato Brasileiro Série A
725049,Roni,1999,Defensive Midfield,"1,74 m",right,€1.70m,Campeonato Brasileiro Série A
550178,Bruno Tubarão,1995,Right-Back,"1,80 m",right,€450k,Campeonato Brasileiro Série A
459115,Jan Hurtado,2000,Centre-Forward,"1,83 m",right,€400k,Campeonato Brasileiro Série A
738507,Gabriel Barros,2001,Right Winger,"1,82 m",left,€200k,Campeonato Brasileiro Série A
1096258,Geovane,2006,Centre-Forward,,,€100k,Campeonato Brasileiro Série A
638269,Rhaldney,1998,Defensive Midfield,"1,84 m",right,€600k,Campeonato Brasileiro Série A
868491,Alejo Cruz,2000,Left Winger,"1,70 m",left,€700k,Campeonato Brasileiro Série A
1223073,Gustavo Almeida,2004,Central Midfield,,,,Campeonato Brasileiro Série A
418530,Danielzinho,1996,Attacking Midfield,"1,73 m",right,€1.20m,Campeonato Brasileiro Série A
1226150,Max,2002,Right Winger,"1,84 m",right,€300k,Campeonato Brasileiro Série A
965614,Daniel Lima,2004,Centre-Forward,"1,86 m",right,€600k,Campeonato Brasileiro Série A
841263,Pedro Rangel,2000,Goalkeeper,"1,92 m",right,€600k,Campeonato Brasileiro Série A
18829,Vágner Love,1984,Centre-Forward,"1,72 m",right,€100k,Campeonato Brasileiro Série A
898036,Rafael Haller,2000,Right-Back,"1,78 m",right,€500k,Campeonato Brasileiro Série A
991846,Luiz Gustavo,2003,Centre-Back,"1,93 m",,€100k,Campeonato Brasileiro Série A
164015,Pedro Henrique,1992,Centre-Back,"1,90 m",left,€700k,Campeonato Brasileiro Série A
336697,Philipe Sampaio,1994,Centre-Back,"1,91 m",right,€450k,Campeonato Brasileiro Série A
1092857,Jean Carlos,2005,Midfield,,,€100k,Campeonato Brasileiro Série A
372013,Luiz Fernando,1996,Left Winger,"1,78 m",right,€1.80m,Campeonato Brasileiro Série A
131248,Joel Campbell,1992,Right Winger,"1,78 m",left,€500k,Campeonato Brasileiro Série A
403148,Ángelo Araos,1997,Attacking Midfield,"1,80 m",right,€700k,Campeonato Brasileiro Série A
696604,Airton,1999,Left Winger,"1,78 m",right,€300k,Campeonato Brasileiro Série A
1191943,Randerson,2004,Defensive Midfield,,,-,Campeonato Brasileiro Série A
742120,Thayllon,2001,Right Winger,"1,66 m",left,€150k,Campeonato Brasileiro Série A
1026669,Eli Júnior,2004,Attack,"1,77 m",left,,Campeonato Brasileiro Série A
642721,Matías Lacava,2002,Right Winger,"1,67 m",left,€700k,Campeonato Brasileiro Série A
982198,Emiliano Rodríguez,2003,Centre-Forward,"1,80 m",left,€1.30m,Campeonato Brasileiro Série A
1042363,Léo,2002,Goalkeeper,"1,87 m",right,-,Campeonato Brasileiro Série A
880217,Alix,1999,Centre-Back,"1,95 m",right,€1.20m,Campeonato Brasileiro Série A
103674,Campanharo,1992,Central Midfield,"1,78 m",right,€600k,Campeonato Brasileiro Série A
613904,Sillas,1995,Attacking Midfield,"1,70 m",right,-,Campeonato Brasileiro Série A
262474,Yony González,1994,Right Winger,"1,84 m",right,€500k,Campeonato Brasileiro Série A
1096866,Gustavo Daniel,2005,Left-Back,,left,€50k,Campeonato Brasileiro Série A
387925,Ronaldo,1996,Goalkeeper,"1,94 m",right,€1.20m,Campeonato Brasileiro Série A
863073,Gazal,1999,Centre-Back,"1,87 m",right,€700k,Campeonato Brasileiro Série A
1004736,Figueiredo,2006,Central Midfield,"1,77 m",right,,Campeonato Brasileiro Série A
215390,Gustavo Gómez,1993,Centre-Back,"1,85 m",right,€6.00m,Campeonato Brasileiro Série A
75435,Marcos Rocha,1988,Right-Back,"1,76 m",right,€350k,Campeonato Brasileiro Série A
887834,Michel,2003,Centre-Back,"1,88 m",right,€1.00m,Campeonato Brasileiro Série A
469135,Eduard Atuesta,1997,Central Midfield,"1,80 m",right,€2.00m,Campeonato Brasileiro Série A
458710,Murilo,1997,Centre-Back,"1,88 m",right,€8.00m,Campeonato Brasileiro Série A
159372,Felipe Anderson,1993,Left Winger,"1,75 m",right,€6.00m,Campeonato Brasileiro Série A
844797,José Manuel López,2000,Centre-Forward,"1,90 m",left,€9.00m,Campeonato Brasileiro Série A
178984,Luan,1993,Centre-Back,"1,88 m",right,€1.80m,Campeonato Brasileiro Série A
964590,Kaique Pereira,2003,Goalkeeper,"1,93 m",right,€300k,Campeonato Brasileiro Série A
371009,Rony,1995,Centre-Forward,"1,67 m",right,€7.00m,Campeonato Brasileiro Série A
1094863,Deivid Andrade,2005,Goalkeeper,"1,96 m",right,,Campeonato Brasileiro Série A
1082625,Patrick,2004,Defensive Midfield,"1,87 m",left,,Campeonato Brasileiro Série A
1124298,Riquelme Fillipi,2006,Left Winger,"1,76 m",right,,Campeonato Brasileiro Série A
69400,Weverton,1987,Goalkeeper,"1,89 m",right,€1.80m,Campeonato Brasileiro Série A
991800,Luis Guilherme,2006,Right Winger,"1,75 m",left,€22.00m,Campeonato Brasileiro Série A
574772,Lázaro,2002,Left Winger,"1,81 m",right,€2.50m,Campeonato Brasileiro Série A
1158001,Luighi,2006,Centre-Forward,"1,82 m",right,€2.00m,Campeonato Brasileiro Série A
147361,Mayke,1992,Right-Back,"1,78 m",right,€3.00m,Campeonato Brasileiro Série A
1005575,Vitor Reis,2006,Centre-Back,"1,86 m",right,€14.00m,Campeonato Brasileiro Série A
1253807,Luis Benedetti,2006,Centre-Back,"1,97 m",left,,Campeonato Brasileiro Série A
816129,Vanderlan,2002,Left-Back,"1,83 m",left,€4.00m,Campeonato Brasileiro Série A
601011,Caio Paulista,1998,Left-Back,"1,84 m",left,€3.00m,Campeonato Brasileiro Série A
627230,Fabinho,2002,Defensive Midfield,"1,78 m",right,€5.00m,Campeonato Brasileiro Série A
114937,Dudu,1992,Left Winger,"1,66 m",right,€3.00m,Campeonato Brasileiro Série A
867461,Rômulo,2001,Attacking Midfield,"1,77 m",right,€2.00m,Campeonato Brasileiro Série A
642758,Aníbal Moreno,1999,Defensive Midfield,"1,77 m",right,€11.00m,Campeonato Brasileiro Série A
735573,Richard Ríos,2000,Central Midfield,"1,87 m",right,€14.00m,Campeonato Brasileiro Série A
496268,Joaquín Piquerez,1998,Left-Back,"1,84 m",left,€12.00m,Campeonato Brasileiro Série A
964582,Jhon Jhon,2002,Attacking Midfield,"1,78 m",right,€4.50m,Campeonato Brasileiro Série A
225432,Zé Rafael,1993,Central Midfield,"1,75 m",right,€4.00m,Campeonato Brasileiro Série A
1056993,Estêvão,2007,Right Winger,"1,76 m",left,€50.00m,Campeonato Brasileiro Série A
574758,Garcia,2002,Right-Back,"1,75 m",right,€2.00m,Campeonato Brasileiro Série A
813121,Mateus,2002,Goalkeeper,"1,99 m",right,€100k,Campeonato Brasileiro Série A
432953,Raphael Veiga,1995,Attacking Midfield,"1,76 m",left,€17.00m,Campeonato Brasileiro Série A
678439,Mauricio,2001,Attacking Midfield,"1,74 m",left,€10.00m,Campeonato Brasileiro Série A
971570,Endrick,2006,Centre-Forward,"1,73 m",left,€40.00m,Campeonato Brasileiro Série A
53015,Marcelo Lomba,1986,Goalkeeper,"1,89 m",right,€200k,Campeonato Brasileiro Série A
406766,Bruno Rodrigues,1997,Left Winger,"1,77 m",right,€2.00m,Campeonato Brasileiro Série A
849582,Agustín Giay,2004,Right-Back,"1,80 m",right,€7.50m,Campeonato Brasileiro Série A
608216,Gabriel Menino,2000,Central Midfield,"1,76 m",right,€6.00m,Campeonato Brasileiro Série A
964591,Naves,2002,Centre-Back,"1,84 m",right,€2.00m,Campeonato Brasileiro Série A
1086377,Kaick,2005,Defensive Midfield,,,,Campeonato Brasileiro Série A
1156563,Igor,2005,Right-Back,,,€800k,Campeonato Brasileiro Série A
384159,Caíque,1997,Goalkeeper,"1,98 m",right,€1.20m,Campeonato Brasileiro Série A
394930,Felipe Carballo,1996,Central Midfield,"1,77 m",right,€4.50m,Campeonato Brasileiro Série A
436385,Mathías Villasanti,1997,Defensive Midfield,"1,78 m",right,€10.00m,Campeonato Brasileiro Série A
718208,Pedro Lucas,2002,Attacking Midfield,"1,73 m",left,€1.00m,Campeonato Brasileiro Série A
997465,Rubens,2003,Right Winger,,left,€100k,Campeonato Brasileiro Série A
54534,Agustín Marchesín,1988,Goalkeeper,"1,88 m",right,€700k,Campeonato Brasileiro Série A
1082969,Wesley Costa,2004,Left-Back,"1,81 m",left,,Campeonato Brasileiro Série A
906774,Du Queiroz,2000,Central Midfield,"1,71 m",right,€2.00m,Campeonato Brasileiro Série A
1285798,Tiago,2008,Central Midfield,"1,76 m",,,Campeonato Brasileiro Série A
342024,João Pedro,1996,Right-Back,"1,79 m",right,€4.00m,Campeonato Brasileiro Série A
978004,Natã,2001,Centre-Back,"1,80 m",right,€1.30m,Campeonato Brasileiro Série A
1097927,Caio Araújo,2005,Defensive Midfield,"1,79 m",left,,Campeonato Brasileiro Série A
1005583,Alysson,2006,Right Winger,"1,84 m",left,€250k,Campeonato Brasileiro Série A
373174,Dodi,1996,Defensive Midfield,"1,69 m",right,€700k,Campeonato Brasileiro Série A
129129,João Pedro,1992,Centre-Forward,"1,84 m",right,€2.50m,Campeonato Brasileiro Série A
95732,Martin Braithwaite,1991,Centre-Forward,"1,77 m",right,€3.00m,Campeonato Brasileiro Série A
1116603,João Lima,2005,Centre-Back,,,,Campeonato Brasileiro Série A
32568,Pedro Geromel,1985,Centre-Back,"1,90 m",right,-,Campeonato Brasileiro Série A
61891,Fábio,1990,Right-Back,"1,72 m",right,-,Campeonato Brasileiro Série A
312294,Yeferson Soteldo,1997,Left Winger,"1,60 m",right,€7.00m,Campeonato Brasileiro Série A
44779,Diego Costa,1988,Centre-Forward,"1,86 m",right,€1.00m,Campeonato Brasileiro Série A
959088,Thiago Beltrame,2003,Goalkeeper,"2,01 m",right,,Campeonato Brasileiro Série A
555016,Brenno,1999,Goalkeeper,"1,90 m",right,€1.00m,Campeonato Brasileiro Série A
103916,Rafael Cabral,1990,Goalkeeper,"1,86 m",right,€300k,Campeonato Brasileiro Série A
603423,Mayk,1999,Left-Back,"1,72 m",left,€500k,Campeonato Brasileiro Série A
997473,Hiago Santos,2004,Defensive Midfield,,,,Campeonato Brasileiro Série A
662742,Alexander Aravena,2002,Left Winger,"1,78 m",right,€6.00m,Campeonato Brasileiro Série A
828045,Miguel Monsalve,2004,Attacking Midfield,"1,78 m",right,€6.00m,Campeonato Brasileiro Série A
332259,Franco Cristaldo,1996,Attacking Midfield,"1,75 m",right,€10.00m,Campeonato Brasileiro Série A
874223,Gustavo Martins,2002,Centre-Back,"1,91 m",right,€3.00m,Campeonato Brasileiro Série A
1024605,André Henrique,2001,Centre-Forward,"1,89 m",right,€1.00m,Campeonato Brasileiro Série A
225617,Reinaldo,1989,Left-Back,"1,78 m",left,€400k,Campeonato Brasileiro Série A
891353,Cuiabano,2003,Left-Back,"1,79 m",left,€4.50m,Campeonato Brasileiro Série A
1221317,Riquelme Freitas,2006,Attacking Midfield,"1,81 m",right,,Campeonato Brasileiro Série A
829381,Lucas Besozzi,2003,Left Winger,"1,76 m",right,€1.00m,Campeonato Brasileiro Série A
147396,Bruno Uvini,1991,Centre-Back,"1,87 m",left,€300k,Campeonato Brasileiro Série A
1090753,Bruno Cheron,2004,Attacking Midfield,,,,Campeonato Brasileiro Série A
1084816,Zé Guilherme,2005,Left-Back,"1,81 m",left,€400k,Campeonato Brasileiro Série A
145400,Walter Kannemann,1991,Centre-Back,"1,84 m",left,€600k,Campeonato Brasileiro Série A
959092,Ronald,2003,Defensive Midfield,"1,86 m",right,€2.00m,Campeonato Brasileiro Série A
176140,Rodrigo Ely,1993,Centre-Back,"1,88 m",right,€2.50m,Campeonato Brasileiro Série A
294798,Nathan,1996,Attacking Midfield,"1,77 m",right,€900k,Campeonato Brasileiro Série A
606716,Pepê,1998,Central Midfield,"1,83 m",right,€3.00m,Campeonato Brasileiro Série A
878037,Gabriel Grando,2000,Goalkeeper,"1,92 m",right,€1.00m,Campeonato Brasileiro Série A
458251,Everton Galdino,1997,Right Winger,"1,77 m",left,€1.70m,Campeonato Brasileiro Série A
1156560,João Araújo,2005,Defensive Midfield,,right,-,Campeonato Brasileiro Série A
711338,Jhonata Robert,1999,Right Winger,"1,79 m",right,€800k,Campeonato Brasileiro Série A
950393,Viery,2005,Centre-Back,"1,87 m",right,,Campeonato Brasileiro Série A
172054,Rodrigo Caio,1993,Centre-Back,"1,82 m",right,€500k,Campeonato Brasileiro Série A
896667,Felipe Scheibig,2000,Goalkeeper,"1,96 m",right,-,Campeonato Brasileiro Série A
1086375,Gustavo Nunes,2005,Left Winger,"1,73 m",right,€10.00m,Campeonato Brasileiro Série A
976951,Jardiel,2005,Centre-Forward,,,€1.00m,Campeonato Brasileiro Série A
1083600,Nathan Fernandes,2005,Right Winger,"1,76 m",right,€6.00m,Campeonato Brasileiro Série A
980806,Lucas Milla,2003,Defensive Midfield,"1,76 m",right,€500k,Campeonato Brasileiro Série A
611426,Matías Arezo,2002,Centre-Forward,"1,77 m",right,€6.00m,Campeonato Brasileiro Série A
231614,Gilberto,1993,Right-Back,"1,81 m",right,€2.50m,Campeonato Brasileiro Série A
1224500,Dodô,2006,Centre-Back,,,,Campeonato Brasileiro Série A
727751,Caio Alexandre,1999,Defensive Midfield,"1,74 m",right,€6.50m,Campeonato Brasileiro Série A
1082637,Jota,2004,Central Midfield,"1,80 m",right,,Campeonato Brasileiro Série A
524446,Kanu,1997,Centre-Back,"1,86 m",right,€3.50m,Campeonato Brasileiro Série A
104326,Victor Cuesta,1988,Centre-Back,"1,87 m",left,€350k,Campeonato Brasileiro Série A
1156828,Lucas Cirilo,2005,Left-Back,"1,80 m",left,,Campeonato Brasileiro Série A
205041,Everaldo,1991,Centre-Forward,"1,82 m",right,€550k,Campeonato Brasileiro Série A
388266,Óscar Estupiñán,1996,Centre-Forward,"1,82 m",left,€5.00m,Campeonato Brasileiro Série A
1109027,Victor,2006,Goalkeeper,,,,Campeonato Brasileiro Série A
520468,Iago,1997,Left-Back,"1,81 m",left,€3.50m,Campeonato Brasileiro Série A
676035,Luciano Juba,1999,Left-Back,"1,76 m",left,€3.00m,Campeonato Brasileiro Série A
101294,Cicinho,1988,Right-Back,"1,68 m",right,-,Campeonato Brasileiro Série A
289802,Rafael Ratão,1995,Left Winger,"1,77 m",right,€2.50m,Campeonato Brasileiro Série A
1087917,Alex Júnior,2005,Left-Back,"1,77 m",left,,Campeonato Brasileiro Série A
544259,Ademir,1995,Right Winger,"1,72 m",left,€1.50m,Campeonato Brasileiro Série A
789856,Caio Roque,2002,Left-Back,"1,82 m",left,€400k,Campeonato Brasileiro Série A
625569,Nicolás Acevedo,1999,Defensive Midfield,"1,73 m",right,€4.00m,Campeonato Brasileiro Série A
740501,Gabriel Xavier,2001,Centre-Back,"1,90 m",right,€3.50m,Campeonato Brasileiro Série A
1083091,Guilherme Brito,2003,Right Midfield,"1,73 m",left,€50k,Campeonato Brasileiro Série A
793815,Rezende,1995,Defensive Midfield,"1,86 m",left,€800k,Campeonato Brasileiro Série A
1082831,Rafael Soares,2004,Left-Back,"1,78 m",left,,Campeonato Brasileiro Série A
1220615,Waliffer,2006,Attack,,,,Campeonato Brasileiro Série A
980463,Marcos Victor,2001,Centre-Back,"1,84 m",right,€350k,Campeonato Brasileiro Série A
120443,Santiago Arias,1992,Right-Back,"1,78 m",right,€2.20m,Campeonato Brasileiro Série A
1044131,Roger Gabriel,2007,Attacking Midfield,"1,73 m",both,,Campeonato Brasileiro Série A
1220613,Pedrinho,2006,Midfield,,,,Campeonato Brasileiro Série A
99439,Danilo Fernandes,1988,Goalkeeper,"1,88 m",right,€200k,Campeonato Brasileiro Série A
1220612,Wendel Passos,2006,Defensive Midfield,"1,74 m",,,Campeonato Brasileiro Série A
346935,Yago Felipe,1995,Central Midfield,"1,74 m",right,€2.00m,Campeonato Brasileiro Série A
392487,Thaciano,1995,Attacking Midfield,"1,82 m",right,€2.00m,Campeonato Brasileiro Série A
1083107,Marcello,2003,Centre-Back,"1,80 m",right,€125k,Campeonato Brasileiro Série A
52896,Everton Ribeiro,1989,Attacking Midfield,"1,74 m",left,€1.80m,Campeonato Brasileiro Série A
875328,Biel,2001,Left Winger,"1,70 m",right,€5.00m,Campeonato Brasileiro Série A
1083094,Lucas Aruba,2004,Left Winger,"1,76 m",right,-,Campeonato Brasileiro Série A
994229,Gabriel Souza,2004,Goalkeeper,"1,94 m",right,€200k,Campeonato Brasileiro Série A
1082832,Ryan,2002,Left-Back,"1,72 m",left,€500k,Campeonato Brasileiro Série A
1094959,Samuel,2005,Centre-Forward,"1,86 m",right,,Campeonato Brasileiro Série A
1114595,João Coni,2006,Attack,,,,Campeonato Brasileiro Série A
1083095,Tiago,2005,Attack,,,€300k,Campeonato Brasileiro Série A
987776,Everton Moraes,2002,Centre-Forward,"1,84 m",right,€200k,Campeonato Brasileiro Série A
1109029,Sidney Duarte,2006,Defensive Midfield,"1,68 m",,,Campeonato Brasileiro Série A
283166,Marcos Felipe,1996,Goalkeeper,"1,88 m",right,€2.50m,Campeonato Brasileiro Série A
1082840,Kauã Davi,2004,Centre-Back,"1,85 m",right,,Campeonato Brasileiro Série A
1220392,Daniel Costa,2005,Defender,,,,Campeonato Brasileiro Série A
662327,Diego Rosa,2002,Defensive Midfield,"1,82 m",right,€1.00m,Campeonato Brasileiro Série A
808445,Adriel,2001,Goalkeeper,"1,95 m",right,€1.20m,Campeonato Brasileiro Série A
1219208,João Neres,2005,Right Midfield,"1,83 m",left,,Campeonato Brasileiro Série A
1220614,Ruan Pablo,2008,Left Winger,"1,83 m",both,€1.50m,Campeonato Brasileiro Série A
1115716,Paulo Souto,2006,Defensive Midfield,,,,Campeonato Brasileiro Série A
1225121,Pedro Oliveira,2004,Goalkeeper,,,,Campeonato Brasileiro Série A
149752,Vitor Hugo,1991,Centre-Back,"1,87 m",left,€900k,Campeonato Brasileiro Série A
959171,André Dhominique,2003,Right-Back,"1,78 m",right,€600k,Campeonato Brasileiro Série A
1115717,Gerald Anjos,2007,Centre-Back,,,,Campeonato Brasileiro Série A
578872,Jean Lucas,1998,Central Midfield,"1,81 m",right,€8.00m,Campeonato Brasileiro Série A
162812,Cauly,1995,Attacking Midfield,"1,75 m",both,€5.50m,Campeonato Brasileiro Série A
973707,Miqueias,2001,Central Midfield,"1,87 m",right,€250k,Campeonato Brasileiro Série A
257740,Carlos de Pena,1992,Left Winger,"1,77 m",left,€1.70m,Campeonato Brasileiro Série A
856143,Luciano Rodríguez,2003,Centre-Forward,"1,79 m",right,€7.50m,Campeonato Brasileiro Série A
1083109,Vitinho,2004,Attacking Midfield,"1,78 m",,,Campeonato Brasileiro Série A
1220616,Iuri Jean,2007,Goalkeeper,,,,Campeonato Brasileiro Série A
1226971,Wellington Oliveira,2005,Midfield,,,,Campeonato Brasileiro Série A
373446,David Duarte,1995,Centre-Back,"1,93 m",right,€1.00m,Campeonato Brasileiro Série A
527192,Felipe Vieira,1999,Left-Back,"1,76 m",left,€250k,Campeonato Brasileiro Série A
859135,Léo Naldi,2001,Defensive Midfield,"1,77 m",right,€400k,Campeonato Brasileiro Série A
540963,Yuri Sena,2001,Goalkeeper,"1,90 m",right,-,Campeonato Brasileiro Série A
940479,Zé Hugo,1999,Left Winger,"1,77 m",right,€400k,Campeonato Brasileiro Série A
976561,Janderson,1999,Centre-Forward,"1,89 m",both,€600k,Campeonato Brasileiro Série A
739413,Gabriel Santiago,2000,Left Winger,"1,70 m",left,€50k,Campeonato Brasileiro Série A
27349,Muriel,1987,Goalkeeper,"1,89 m",left,€150k,Campeonato Brasileiro Série A
740272,Fintelman,2001,Goalkeeper,"1,95 m",right,€50k,Campeonato Brasileiro Série A
349513,Neris,1992,Centre-Back,"1,92 m",right,€500k,Campeonato Brasileiro Série A
671572,Wagner Leonardo,1999,Centre-Back,"1,86 m",left,€2.00m,Campeonato Brasileiro Série A
626110,João Victor,1997,Centre-Back,"1,88 m",right,€450k,Campeonato Brasileiro Série A
607817,Camutanga,1993,Centre-Back,"1,89 m",right,€450k,Campeonato Brasileiro Série A
1094963,Renato,2004,Centre-Back,,,,Campeonato Brasileiro Série A
574904,Luan Santos,1999,Defensive Midfield,"1,75 m",right,€2.00m,Campeonato Brasileiro Série A
435239,Rodrigo Andrade,1997,Defensive Midfield,"1,74 m",right,€800k,Campeonato Brasileiro Série A
1091893,Breno Silva,2004,Defensive Midfield,"1,76 m",right,,Campeonato Brasileiro Série A
1223831,Andrei,2005,Centre-Back,"2,01 m",left,,Campeonato Brasileiro Série A
688668,Lucas Esteves,2000,Left-Back,"1,71 m",left,€1.80m,Campeonato Brasileiro Série A
365368,Matheuzinho,1997,Attacking Midfield,"1,65 m",left,€3.00m,Campeonato Brasileiro Série A
867006,Dionísio,1994,Central Midfield,"1,72 m",right,€50k,Campeonato Brasileiro Série A
388397,Everaldo,1994,Left Winger,"1,72 m",right,€800k,Campeonato Brasileiro Série A
48974,Luiz Adriano,1987,Centre-Forward,"1,84 m",right,€250k,Campeonato Brasileiro Série A
691811,Dudu,1999,Defensive Midfield,"1,86 m",left,€450k,Campeonato Brasileiro Série A
143817,Léo Gamalho,1986,Centre-Forward,"1,88 m",right,€150k,Campeonato Brasileiro Série A
215212,Jean Mota,1993,Central Midfield,"1,72 m",left,€1.00m,Campeonato Brasileiro Série A
1083099,Lawan,2005,Centre-Forward,"1,80 m",right,€150k,Campeonato Brasileiro Série A
645602,Lucas Arcanjo,1998,Goalkeeper,"1,89 m",right,€1.00m,Campeonato Brasileiro Série A
147410,Raúl Cáceres,1991,Right-Back,"1,80 m",right,€250k,Campeonato Brasileiro Série A
1094958,Fábio Soares,2004,Left Winger,"1,78 m",right,€50k,Campeonato Brasileiro Série A
1122213,Riquelme Carvalho,2005,Left-Back,,left,,Campeonato Brasileiro Série A
520629,Filipe Machado,1996,Defensive Midfield,"1,74 m",right,€1.00m,Campeonato Brasileiro Série A
740162,Dudu Miraíma,2000,Central Midfield,"1,73 m",right,-,Campeonato Brasileiro Série A
723168,Maycon Cleiton,1998,Goalkeeper,"1,91 m",right,€200k,Campeonato Brasileiro Série A
734277,John Lessa,2001,Centre-Back,"1,88 m",left,-,Campeonato Brasileiro Série A
34344,Cristian Zapata,1986,Centre-Back,"1,87 m",right,€50k,Campeonato Brasileiro Série A
1100071,Pablo,2003,Attacking Midfield,"1,65 m",right,€100k,Campeonato Brasileiro Série A
636314,Gustavo Silva,1997,Right Winger,"1,68 m",right,€1.50m,Campeonato Brasileiro Série A
366450,Iury Castilho,1995,Centre-Forward,"1,85 m",right,€750k,Campeonato Brasileiro Série A
371250,Edu Ribeiro,2000,Centre-Back,"1,85 m",right,€500k,Campeonato Brasileiro Série A
313106,Luan,1993,Attacking Midfield,"1,80 m",right,€300k,Campeonato Brasileiro Série A
252900,Willian Oliveira,1993,Defensive Midfield,"1,79 m",right,€800k,Campeonato Brasileiro Série A
746358,Daniel Jr,2002,Left Winger,"1,74 m",left,€1.20m,Campeonato Brasileiro Série A
76191,Osvaldo,1987,Right Winger,"1,70 m",right,€150k,Campeonato Brasileiro Série A
349443,Ricardo Ryller,1994,Defensive Midfield,"1,84 m",right,€650k,Campeonato Brasileiro Série A
628647,Caio Dantas,1993,Centre-Forward,"1,77 m",right,€400k,Campeonato Brasileiro Série A
565443,Caio Vinicius,1999,Defensive Midfield,"1,87 m",right,€1.50m,Campeonato Brasileiro Série A
373192,PK,1994,Left-Back,"1,81 m",left,€250k,Campeonato Brasileiro Série A
266451,Eryc Castillo,1995,Right Winger,"1,78 m",right,€500k,Campeonato Brasileiro Série A
371996,Alerrandro,2000,Centre-Forward,"1,80 m",right,€4.00m,Campeonato Brasileiro Série A
325196,Zeca,1994,Right-Back,"1,69 m",both,€600k,Campeonato Brasileiro Série A
514297,Reynaldo,1997,Centre-Back,"1,86 m",left,€700k,Campeonato Brasileiro Série A
1223828,Luis Miguel,2005,Left Winger,"1,71 m",right,,Campeonato Brasileiro Série A
1223829,Edenilson,2005,Defensive Midfield,,right,,Campeonato Brasileiro Série A
976619,Roque Júnior,2002,Centre-Back,"1,87 m",right,,Campeonato Brasileiro Série A
722454,Marco Antônio,2000,Centre-Back,"1,78 m",right,€150k,Campeonato Brasileiro Série A
352890,Mateus Gonçalves,1994,Left Winger,"1,72 m",right,€350k,Campeonato Brasileiro Série A
544464,Willean Lepo,1997,Right-Back,"1,82 m",right,€450k,Campeonato Brasileiro Série A
1094961,Paulo Roberto,2005,Right-Back,,right,,Campeonato Brasileiro Série A
363794,Carlos Eduardo,1996,Right Winger,"1,73 m",right,€700k,Campeonato Brasileiro Série A
255755,Alex Telles,1992,Left-Back,"1,81 m",left,€5.00m,Campeonato Brasileiro Série A
815670,Vitor Marinho,2001,Right-Back,"1,81 m",both,,Campeonato Brasileiro Série A
309193,Jefferson Savarino,1996,Attacking Midfield,"1,68 m",right,€9.00m,Campeonato Brasileiro Série A
520093,Raul,1997,Goalkeeper,"1,90 m",right,€100k,Campeonato Brasileiro Série A
1093843,Fabiano,2006,Right Winger,,right,€100k,Campeonato Brasileiro Série A
61892,Rafael,1990,Right-Back,"1,72 m",right,-,Campeonato Brasileiro Série A
1093845,Rhuan Lucas,2004,Defensive Midfield,"1,74 m",right,,Campeonato Brasileiro Série A
468302,Lucas Halter,2000,Centre-Back,"1,88 m",right,€2.50m,Campeonato Brasileiro Série A
432164,Igor Jesus,2001,Centre-Forward,"1,79 m",right,€15.00m,Campeonato Brasileiro Série A
137745,Marçal,1989,Left-Back,"1,78 m",left,€400k,Campeonato Brasileiro Série A
149577,Pablo,1991,Centre-Back,"1,88 m",right,€900k,Campeonato Brasileiro Série A
727747,Carlos Alberto,2002,Right Winger,"1,81 m",right,€1.30m,Campeonato Brasileiro Série A
718307,Matías Segovia,2003,Right Winger,"1,65 m",left,€2.80m,Campeonato Brasileiro Série A
379752,Alexander Barboza,1995,Centre-Back,"1,93 m",left,€5.00m,Campeonato Brasileiro Série A
195810,Bastos,1991,Centre-Back,"1,84 m",right,€1.00m,Campeonato Brasileiro Série A
834467,Kauê,2004,Defensive Midfield,"1,74 m",right,€1.00m,Campeonato Brasileiro Série A
373433,Adryelson,1998,Centre-Back,"1,82 m",right,€4.00m,Campeonato Brasileiro Série A
592347,Júnior Santos,1994,Right Winger,"1,88 m",right,€6.00m,Campeonato Brasileiro Série A
834445,Serafim,2004,Centre-Back,"1,82 m",right,,Campeonato Brasileiro Série A
668228,Matheus Martins,2003,Left Winger,"1,79 m",right,€7.00m,Campeonato Brasileiro Série A
1086371,Sapata,2003,Right Winger,"1,80 m",left,€200k,Campeonato Brasileiro Série A
1012161,Jefferson,2003,Centre-Back,"1,93 m",right,€400k,Campeonato Brasileiro Série A
1093551,Devid,2005,Left-Back,,left,,Campeonato Brasileiro Série A
273438,Danilo Barbosa,1996,Defensive Midfield,"1,83 m",right,€3.00m,Campeonato Brasileiro Série A
884072,Jeffinho,1999,Left Winger,"1,76 m",right,€5.00m,Campeonato Brasileiro Série A
1084354,Gabriel Toebe,2002,Goalkeeper,"1,89 m",left,,Campeonato Brasileiro Série A
546036,Gregore,1994,Defensive Midfield,"1,81 m",right,€6.00m,Campeonato Brasileiro Série A
381724,Victor Sá,1994,Left Winger,"1,78 m",both,€3.00m,Campeonato Brasileiro Série A
432914,John Victor,1996,Goalkeeper,"1,97 m",right,€7.00m,Campeonato Brasileiro Série A
698750,Igo Gabriel,2001,Goalkeeper,"1,90 m",right,€150k,Campeonato Brasileiro Série A
811219,Newton,2000,Defensive Midfield,"1,88 m",right,€250k,Campeonato Brasileiro Série A
800175,Luiz Henrique,2001,Right Winger,"1,82 m",left,€22.00m,Campeonato Brasileiro Série A
800732,Diego Hernández,2000,Left Winger,"1,75 m",left,€2.00m,Campeonato Brasileiro Série A
1241278,Yarlen,2006,Left Winger,"1,78 m",both,€400k,Campeonato Brasileiro Série A
743594,Matheus Nascimento,2004,Centre-Forward,"1,82 m",right,€5.00m,Campeonato Brasileiro Série A
107318,Roberto Fernández,1988,Goalkeeper,"1,91 m",right,€250k,Campeonato Brasileiro Série A
868885,Emerson Urso,2001,Left Winger,"1,69 m",right,€450k,Campeonato Brasileiro Série A
737821,Patrick de Paula,1999,Defensive Midfield,"1,80 m",left,€1.20m,Campeonato Brasileiro Série A
110078,Eduardo,1989,Attacking Midfield,"1,84 m",right,€900k,Campeonato Brasileiro Série A
813037,Kayque,2000,Defensive Midfield,"1,76 m",right,€700k,Campeonato Brasileiro Série A
1005580,Luis Octávio,2006,Right-Back,"1,78 m",both,,Campeonato Brasileiro Série A
126422,Allan,1991,Defensive Midfield,"1,75 m",right,€3.00m,Campeonato Brasileiro Série A
103381,Tiquinho Soares,1991,Centre-Forward,"1,87 m",right,€2.00m,Campeonato Brasileiro Série A
697400,Breno,2000,Defensive Midfield,"1,77 m",right,€400k,Campeonato Brasileiro Série A
76746,Damián Suárez,1988,Right-Back,"1,73 m",right,€150k,Campeonato Brasileiro Série A
576028,Thiago Almada,2001,Attacking Midfield,"1,71 m",right,€27.00m,Campeonato Brasileiro Série A
497494,Jacob Montes,1998,Attacking Midfield,"1,80 m",right,€150k,Campeonato Brasileiro Série A
1080984,Lucas Barreto,2002,Goalkeeper,"1,96 m",left,,Campeonato Brasileiro Série A
996691,Kawan,2003,Centre-Back,"1,88 m",right,€100k,Campeonato Brasileiro Série A
468249,Vitinho,1999,Right-Back,"1,74 m",right,€6.00m,Campeonato Brasileiro Série A
856047,Mateo Ponte,2003,Right-Back,"1,83 m",right,€1.50m,Campeonato Brasileiro Série A
978146,Raí,2002,Attacking Midfield,"1,75 m",left,€300k,Campeonato Brasileiro Série A
364972,Marlon Freitas,1995,Defensive Midfield,"1,85 m",right,€7.00m,Campeonato Brasileiro Série A
217886,Óscar Romero,1992,Attacking Midfield,"1,76 m",left,€1.70m,Campeonato Brasileiro Série A
364261,Tchê Tchê,1992,Central Midfield,"1,75 m",both,€1.50m,Campeonato Brasileiro Série A
385639,Luis Segovia,1997,Centre-Back,"1,82 m",left,€1.20m,Campeonato Brasileiro Série A
740157,Hugo,2001,Left-Back,"1,75 m",left,€4.00m,Campeonato Brasileiro Série A
862574,Mateus Carvalho,2002,Defensive Midfield,"1,84 m",left,€1.20m,Campeonato Brasileiro Série A
1022594,Léo Jacó,2005,Attack,,left,,Campeonato Brasileiro Série A
80444,Philippe Coutinho,1992,Attacking Midfield,"1,72 m",right,€6.00m,Campeonato Brasileiro Série A
1083966,Cauan Barros,2004,Attacking Midfield,"1,83 m",right,€500k,Campeonato Brasileiro Série A
1083890,Roger Fellipo,2004,Centre-Back,,,,Campeonato Brasileiro Série A
1083970,JP,2005,Central Midfield,"1,76 m",both,€600k,Campeonato Brasileiro Série A
1083889,Lyncon,2005,Centre-Back,"1,86 m",right,€100k,Campeonato Brasileiro Série A
644157,Hugo Moura,1998,Defensive Midfield,"1,77 m",right,€1.50m,Campeonato Brasileiro Série A
212114,Rossi,1993,Right Winger,"1,70 m",right,€800k,Campeonato Brasileiro Série A
841910,Victão,2004,Centre-Back,,,,Campeonato Brasileiro Série A
1220464,Lukas Zuccarello,2006,Attacking Midfield,"1,75 m",right,,Campeonato Brasileiro Série A
1083888,Paulo Ricardo,2005,Right-Back,"1,75 m",right,€400k,Campeonato Brasileiro Série A
84695,Maicon,1988,Centre-Back,"1,91 m",right,€200k,Campeonato Brasileiro Série A
1220258,João Pedro,2005,Goalkeeper,"1,86 m",right,,Campeonato Brasileiro Série A
417084,Keiller,1996,Goalkeeper,"1,93 m",right,€1.30m,Campeonato Brasileiro Série A
60889,Gary Medel,1987,Centre-Back,"1,71 m",right,€200k,Campeonato Brasileiro Série A
1012564,Rayan,2006,Right Winger,"1,85 m",left,€10.00m,Campeonato Brasileiro Série A
648638,Felipe Estrella,2001,Centre-Forward,"1,90 m",left,-,Campeonato Brasileiro Série A
1083962,GB,2005,Centre-Forward,"1,90 m",right,€800k,Campeonato Brasileiro Série A
373189,David,1995,Left Winger,"1,79 m",right,€2.00m,Campeonato Brasileiro Série A
527494,Robert Rojas,1996,Centre-Back,"1,77 m",right,€2.00m,Campeonato Brasileiro Série A
456449,Serginho,1995,Left Winger,"1,80 m",right,€700k,Campeonato Brasileiro Série A
636784,Luca Orellano,2000,Right Winger,"1,70 m",left,€5.00m,Campeonato Brasileiro Série A
313830,Pablo Galdames,1996,Central Midfield,"1,76 m",right,€1.50m,Campeonato Brasileiro Série A
671145,João Victor,1998,Centre-Back,"1,87 m",right,€5.00m,Campeonato Brasileiro Série A
1083883,Matheus Julião,2003,Left-Back,"1,78 m",left,,Campeonato Brasileiro Série A
659264,Juan Sforza,2002,Defensive Midfield,"1,79 m",left,€4.00m,Campeonato Brasileiro Série A
1005587,Matheus Ferreira,2006,Defensive Midfield,"1,81 m",right,,Campeonato Brasileiro Série A
334229,Pablo Vegetti,1988,Centre-Forward,"1,87 m",right,€750k,Campeonato Brasileiro Série A
689737,Patrick de Lucca,2000,Defensive Midfield,"1,80 m",right,€1.60m,Campeonato Brasileiro Série A
1083971,Lucas Eduardo,2004,Defensive Midfield,"1,73 m",right,,Campeonato Brasileiro Série A
1009017,Rodrigo,2002,Defensive Midfield,"1,76 m",right,€850k,Campeonato Brasileiro Série A
1083885,Leandrinho,2005,Left-Back,"1,70 m",,€2.00m,Campeonato Brasileiro Série A
653152,Manuel Capasso,1996,Centre-Back,"1,88 m",right,€1.00m,Campeonato Brasileiro Série A
234538,Victor Luís,1993,Left-Back,"1,77 m",left,€450k,Campeonato Brasileiro Série A
574765,Praxedes,2002,Central Midfield,"1,86 m",left,€3.00m,Campeonato Brasileiro Série A
403296,Léo,1996,Centre-Back,"1,83 m",left,€2.00m,Campeonato Brasileiro Série A
207561,Maxime Dominguez,1996,Central Midfield,"1,73 m",left,€1.20m,Campeonato Brasileiro Série A
834481,Erick Marcus,2004,Right Winger,"1,77 m",right,€2.00m,Campeonato Brasileiro Série A
868891,Adson,2000,Right Winger,"1,71 m",left,€4.00m,Campeonato Brasileiro Série A
1279930,Bruno Lopes,2007,Centre-Forward,"1,82 m",,,Campeonato Brasileiro Série A
37647,Dimitri Payet,1987,Attacking Midfield,"1,75 m",right,€1.00m,Campeonato Brasileiro Série A
715140,Emerson Rodríguez,2000,Left Winger,"1,74 m",right,€2.00m,Campeonato Brasileiro Série A
733579,Clayton,1999,Centre-Forward,"1,84 m",right,€3.50m,Campeonato Brasileiro Série A
734169,Halls,1999,Goalkeeper,"1,98 m",right,€300k,Campeonato Brasileiro Série A
1083969,Guilherme Estrella,2005,Attacking Midfield,"1,76 m",right,€1.00m,Campeonato Brasileiro Série A
1097081,Maxsuell Alegria,2004,Left Winger,"1,69 m",right,,Campeonato Brasileiro Série A
430339,José Luis Rodríguez,1997,Right-Back,"1,83 m",right,€2.00m,Campeonato Brasileiro Série A
670968,Zé Gabriel,1999,Defensive Midfield,"1,84 m",right,€1.20m,Campeonato Brasileiro Série A
412594,Paulo Henrique,1996,Right-Back,"1,75 m",right,€1.70m,Campeonato Brasileiro Série A
1083887,Pablo,2003,Goalkeeper,"1,88 m",right,€50k,Campeonato Brasileiro Série A
534473,Paulinho Paula,1997,Central Midfield,"1,73 m",right,€1.00m,Campeonato Brasileiro Série A
1220465,Igor Toledo,2006,Defensive Midfield,,,,Campeonato Brasileiro Série A
670201,Lucas Piton,2000,Left-Back,"1,75 m",left,€8.00m,Campeonato Brasileiro Série A
1083960,Cauã Paixão,2004,Centre-Forward,"1,81 m",right,€600k,Campeonato Brasileiro Série A
1005582,Phillipe Gabriel,2006,Goalkeeper,"1,96 m",right,,Campeonato Brasileiro Série A
982165,Zé Vitor,2002,Centre-Back,"1,92 m",left,€200k,Campeonato Brasileiro Série A
239294,Jair,1994,Defensive Midfield,"1,78 m",right,€2.50m,Campeonato Brasileiro Série A
288415,Léo Jardim,1995,Goalkeeper,"1,88 m",right,€7.00m,Campeonato Brasileiro Série A
73741,Souza,1989,Centre-Back,"1,88 m",right,€250k,Campeonato Brasileiro Série A
412376,Miranda,2000,Centre-Back,"1,81 m",right,€600k,Campeonato Brasileiro Série A
217228,Jean Meneses,1993,Left Winger,"1,63 m",right,€2.50m,Campeonato Brasileiro Série A
1220468,Luiz Gustavo,2006,Centre-Back,,,,Campeonato Brasileiro Série A
66515,Alex Teixeira,1990,Second Striker,"1,73 m",right,€300k,Campeonato Brasileiro Série A
1027713,Eliedson,2003,Defensive Midfield,"1,87 m",right,€200k,Campeonato Brasileiro Série A
1349600,Ruan Carvalho,2006,Defender,,,,Campeonato Brasileiro Série A
520470,Fellipe Mateus,1991,Attacking Midfield,"1,78 m",left,€300k,Campeonato Brasileiro Série A
646432,Meritão,1994,Defensive Midfield,"1,86 m",left,€1.30m,Campeonato Brasileiro Série A
1215637,Erick,2005,Centre-Back,"1,83 m",right,,Campeonato Brasileiro Série A
401533,Matheusinho,1998,Attacking Midfield,"1,64 m",right,€2.00m,Campeonato Brasileiro Série A
376441,Allano,1995,Right Winger,"1,82 m",left,€300k,Campeonato Brasileiro Série A
598975,Matheus Teixeira,1999,Goalkeeper,"1,87 m",right,€500k,Campeonato Brasileiro Série A
978189,Hiago Alves,2005,Left-Back,"1,65 m",left,,Campeonato Brasileiro Série A
738503,Eduardo Melo,2001,Left Winger,"1,85 m",right,€100k,Campeonato Brasileiro Série A
100091,Marquinhos Gabriel,1990,Attacking Midfield,"1,74 m",left,€300k,Campeonato Brasileiro Série A
37418,Éder,1986,Centre-Forward,"1,77 m",right,-,Campeonato Brasileiro Série A
738502,João Carlos,2001,Right Winger,"1,68 m",right,€250k,Campeonato Brasileiro Série A
1351007,Ruan Vitor,2005,Centre-Forward,,,,Campeonato Brasileiro Série A
891569,Baltasar Barcia,2001,Defensive Midfield,"1,82 m",right,€300k,Campeonato Brasileiro Série A
872452,Léo Gonçalves,2002,Defensive Midfield,"1,80 m",right,€150k,Campeonato Brasileiro Série A
177690,Miguel Trauco,1992,Left-Back,"1,75 m",left,€1.00m,Campeonato Brasileiro Série A
158333,Yerson Candelo,1992,Right-Back,"1,70 m",right,€500k,Campeonato Brasileiro Série A
147366,Jonathan,1992,Right-Back,"1,78 m",right,€250k,Campeonato Brasileiro Série A
838057,Eliel Costa,2003,Defensive Midfield,"1,70 m",,,Campeonato Brasileiro Série A
122077,Tobias Figueiredo,1994,Centre-Back,"1,88 m",right,€1.50m,Campeonato Brasileiro Série A
348769,Marcelo Hermes,1995,Left-Back,"1,77 m",left,€450k,Campeonato Brasileiro Série A
224481,Arthur Caíke,1992,Left Winger,"1,74 m",right,€700k,Campeonato Brasileiro Série A
1226993,Fabricio Lentz,2006,Attacking Midfield,"1,81 m",,,Campeonato Brasileiro Série A
348262,Barreto,1995,Defensive Midfield,"1,81 m",right,€500k,Campeonato Brasileiro Série A
1101070,Thiago Jesus,2002,Centre-Back,"1,91 m",right,-,Campeonato Brasileiro Série A
425462,Felipe Vizeu,1997,Centre-Forward,"1,85 m",left,€500k,Campeonato Brasileiro Série A
349420,Rodrigo,1987,Centre-Back,"1,87 m",right,€100k,Campeonato Brasileiro Série A
1017149,Adriano Filho,2004,Left Winger,"1,75 m",right,-,Campeonato Brasileiro Série A
697845,Claudinho,2000,Right-Back,"1,80 m",right,€2.00m,Campeonato Brasileiro Série A
1033571,Kauã Moroso,2004,Goalkeeper,"1,90 m",right,,Campeonato Brasileiro Série A
688684,Ronald,1997,Defensive Midfield,"1,71 m",right,€500k,Campeonato Brasileiro Série A
178400,Wilker Ángel,1993,Centre-Back,"1,90 m",right,€250k,Campeonato Brasileiro Série A
1008160,Guilherme,2002,Left-Back,"1,80 m",left,-,Campeonato Brasileiro Série A
75471,Yannick Bolasie,1989,Left Winger,"1,85 m",right,€250k,Campeonato Brasileiro Série A
375532,Alisson,1995,Goalkeeper,"1,88 m",right,€100k,Campeonato Brasileiro Série A
1058450,Jackson Henrique,2003,Centre-Back,,,,Campeonato Brasileiro Série A
1222016,Kaik,2004,Right-Back,,,,Campeonato Brasileiro Série A
667411,Gustavo,1993,Goalkeeper,"1,87 m",right,€450k,Campeonato Brasileiro Série A
188715,Walisson Maia,1991,Centre-Back,"1,87 m",right,€100k,Campeonato Brasileiro Série A
1044132,Ricardo Mathias,2006,Centre-Forward,"1,92 m",right,€1.00m,Campeonato Brasileiro Série A
1095552,Gustavo Prado,2005,Central Midfield,"1,79 m",right,€500k,Campeonato Brasileiro Série A
456535,Agustín Rogel,1997,Centre-Back,"1,91 m",right,€600k,Campeonato Brasileiro Série A
51174,Fernando,1987,Defensive Midfield,"1,83 m",right,€1.00m,Campeonato Brasileiro Série A
1089144,Gabriel Carvalho,2007,Attacking Midfield,"1,70 m",right,€12.00m,Campeonato Brasileiro Série A
829378,Braian Aguirre,2000,Right-Back,"1,75 m",right,€1.70m,Campeonato Brasileiro Série A
958598,Robert Renan,2003,Centre-Back,"1,86 m",left,€8.00m,Campeonato Brasileiro Série A
1094530,Kauan,2003,Goalkeeper,"1,92 m",right,,Campeonato Brasileiro Série A
213606,Gabriel,1992,Defensive Midfield,"1,71 m",right,€1.50m,Campeonato Brasileiro Série A
719635,Alexandro Bernabei,2000,Left-Back,"1,69 m",left,€6.00m,Campeonato Brasileiro Série A
869437,Anthoni,2002,Goalkeeper,"1,93 m",right,€800k,Campeonato Brasileiro Série A
687359,Rômulo,2000,Defensive Midfield,"1,82 m",right,€4.00m,Campeonato Brasileiro Série A
150479,Fabrício,1986,Goalkeeper,"1,93 m",right,€150k,Campeonato Brasileiro Série A
338861,Hyoran,1993,Attacking Midfield,"1,74 m",right,€1.50m,Campeonato Brasileiro Série A
1220010,Yago Noal,2007,Attacking Midfield,"1,71 m",right,,Campeonato Brasileiro Série A
104505,Alan Patrick,1991,Attacking Midfield,"1,77 m",right,€3.50m,Campeonato Brasileiro Série A
834444,Victor Gabriel,2004,Left-Back,"1,85 m",left,€100k,Campeonato Brasileiro Série A
45319,Gabriel Mercado,1987,Centre-Back,"1,80 m",right,€200k,Campeonato Brasileiro Série A
1253921,Luis Otávio,2007,Defensive Midfield,"1,81 m",right,€400k,Campeonato Brasileiro Série A
428783,Vitão,2000,Centre-Back,"1,85 m",right,€9.00m,Campeonato Brasileiro Série A
275381,Fabricio Bustos,1996,Right-Back,"1,67 m",right,€6.50m,Campeonato Brasileiro Série A
323831,Rafael Borré,1995,Centre-Forward,"1,74 m",right,€8.00m,Campeonato Brasileiro Série A
438202,Bruno Tabata,1997,Right Winger,"1,75 m",left,€2.50m,Campeonato Brasileiro Série A
193782,Lucas Alario,1992,Centre-Forward,"1,85 m",right,€1.20m,Campeonato Brasileiro Série A
119905,Hugo Mallo,1991,Right-Back,"1,73 m",right,€1.00m,Campeonato Brasileiro Série A
1082818,Lucca Drummond,2004,Centre-Forward,"1,89 m",,€150k,Campeonato Brasileiro Série A
277335,Bruno Henrique,1989,Central Midfield,"1,80 m",right,€400k,Campeonato Brasileiro Série A
236202,Wanderson,1994,Left Winger,"1,75 m",right,€6.00m,Campeonato Brasileiro Série A
212209,Renê,1992,Left-Back,"1,74 m",left,€800k,Campeonato Brasileiro Série A
1127822,Evertow,2007,Centre-Back,"1,86 m",left,,Campeonato Brasileiro Série A
982549,Lucca,2003,Centre-Forward,"1,80 m",right,€1.00m,Campeonato Brasileiro Série A
139503,Enner Valencia,1989,Centre-Forward,"1,78 m",right,€2.00m,Campeonato Brasileiro Série A
89701,Charles Aránguiz,1989,Central Midfield,"1,71 m",right,€1.20m,Campeonato Brasileiro Série A
364257,Ivan,1997,Goalkeeper,"1,96 m",right,€1.30m,Campeonato Brasileiro Série A
674732,Wesley,1999,Left Winger,"1,75 m",right,€8.00m,Campeonato Brasileiro Série A
703322,Bruno Gomes,2001,Defensive Midfield,"1,75 m",right,€6.00m,Campeonato Brasileiro Série A
740273,Nathan,2001,Right-Back,"1,83 m",right,€2.00m,Campeonato Brasileiro Série A
264014,Sergio Rochet,1993,Goalkeeper,"1,90 m",right,€4.00m,Campeonato Brasileiro Série A
1116612,Diego Esser,2005,Goalkeeper,"1,92 m",,,Campeonato Brasileiro Série A
371968,Clayton,2000,Centre-Back,"1,87 m",right,€1.00m,Campeonato Brasileiro Série A
815384,Matheus Dias,2002,Defensive Midfield,"1,87 m",right,€1.80m,Campeonato Brasileiro Série A
294873,Thiago Maia,1997,Defensive Midfield,"1,79 m",left,€6.00m,Campeonato Brasileiro Série A
689640,Igor Gomes,2001,Centre-Back,"1,85 m",right,€1.00m,Campeonato Brasileiro Série A
213368,Pedro Henrique,1990,Right Winger,"1,79 m",right,€700k,Campeonato Brasileiro Série A
1202381,Felipe Preis,2005,Goalkeeper,,,,Campeonato Brasileiro Série A
929866,João Moreira,2004,Right-Back,"1,75 m",right,€2.50m,Campeonato Brasileiro Série A
229736,Alisson,1993,Central Midfield,"1,74 m",right,€2.00m,Campeonato Brasileiro Série A
139867,Robert Arboleda,1991,Centre-Back,"1,89 m",right,€1.00m,Campeonato Brasileiro Série A
542483,Wellington Rato,1992,Right Winger,"1,72 m",left,€900k,Campeonato Brasileiro Série A
689017,Ferreirinha,1997,Left Winger,"1,76 m",right,€6.00m,Campeonato Brasileiro Série A
77100,Lucas Moura,1992,Right Winger,"1,72 m",right,€5.00m,Campeonato Brasileiro Série A
1009031,Henrique Carmo,2006,Right Winger,"1,74 m",left,€200k,Campeonato Brasileiro Série A
468304,Rodrigo Nestor,2000,Central Midfield,"1,75 m",left,€8.00m,Campeonato Brasileiro Série A
861852,Damián Bobadilla,2001,Central Midfield,"1,81 m",right,€2.50m,Campeonato Brasileiro Série A
662332,Juan,2002,Centre-Forward,"1,77 m",right,€1.90m,Campeonato Brasileiro Série A
482144,Michel Araújo,1996,Left Winger,"1,78 m",left,€1.50m,Campeonato Brasileiro Série A
1202387,Ryan Francisco,2006,Centre-Forward,"1,75 m",left,,Campeonato Brasileiro Série A
567249,Giuliano Galoppo,1999,Central Midfield,"1,79 m",right,€5.00m,Campeonato Brasileiro Série A
10471,Luiz Gustavo,1987,Defensive Midfield,"1,87 m",left,€300k,Campeonato Brasileiro Série A
1127817,Iba Ly,2003,Defensive Midfield,"1,75 m",right,,Campeonato Brasileiro Série A
565232,André Silva,1997,Centre-Forward,"1,81 m",left,€3.50m,Campeonato Brasileiro Série A
1223221,Igão,2007,Centre-Back,,,,Campeonato Brasileiro Série A
515638,Erick,1997,Right Winger,"1,73 m",left,€1.20m,Campeonato Brasileiro Série A
1004725,William Gomes,2006,Left Winger,"1,71 m",left,€6.00m,Campeonato Brasileiro Série A
33947,Rafinha,1985,Right-Back,"1,72 m",right,€150k,Campeonato Brasileiro Série A
346018,Jamal Lewis,1998,Left-Back,"1,78 m",left,€3.00m,Campeonato Brasileiro Série A
838386,Leandro Mathias,2004,Goalkeeper,"1,88 m",left,,Campeonato Brasileiro Série A
1219849,Lucas Ferreira,2006,Attack,"1,87 m",left,,Campeonato Brasileiro Série A
555015,Ruan,1999,Centre-Back,"1,87 m",right,€2.00m,Campeonato Brasileiro Série A
980825,Matheus Belém,2003,Centre-Back,"1,86 m",left,€800k,Campeonato Brasileiro Série A
662326,Patryck,2003,Left-Back,"1,84 m",left,€1.80m,Campeonato Brasileiro Série A
697065,Santiago Longo,1998,Defensive Midfield,"1,77 m",right,€3.00m,Campeonato Brasileiro Série A
980837,Felipe Negrucci,2004,Defensive Midfield,"1,79 m",right,€500k,Campeonato Brasileiro Série A
401526,Liziero,1998,Central Midfield,"1,77 m",left,€1.50m,Campeonato Brasileiro Série A
149572,Nikão,1992,Attacking Midfield,"1,74 m",left,€750k,Campeonato Brasileiro Série A
284727,Jonathan Calleri,1993,Centre-Forward,"1,81 m",right,€3.00m,Campeonato Brasileiro Série A
466336,Nahuel Ferraresi,1998,Centre-Back,"1,88 m",right,€3.00m,Campeonato Brasileiro Série A
546212,Diego Costa,1999,Centre-Back,"1,84 m",right,€7.00m,Campeonato Brasileiro Série A
468301,Marcos Antônio,2000,Central Midfield,"1,66 m",right,€3.50m,Campeonato Brasileiro Série A
729264,Welington,2001,Left-Back,"1,70 m",left,€3.50m,Campeonato Brasileiro Série A
512344,Jandrei,1993,Goalkeeper,"1,86 m",right,€300k,Campeonato Brasileiro Série A
88103,James Rodríguez,1991,Attacking Midfield,"1,80 m",left,€2.50m,Campeonato Brasileiro Série A
1219848,Igor Felisberto,2007,Right-Back,,right,,Campeonato Brasileiro Série A
894532,Young,2002,Goalkeeper,"2,01 m",right,€100k,Campeonato Brasileiro Série A
68097,Rafael,1989,Goalkeeper,"1,92 m",left,€750k,Campeonato Brasileiro Série A
503343,Alan Franco,1996,Centre-Back,"1,83 m",right,€4.00m,Campeonato Brasileiro Série A
546033,Sabino,1996,Centre-Back,"1,84 m",left,€1.00m,Campeonato Brasileiro Série A
552240,Igor Vinícius,1997,Right-Back,"1,74 m",right,€2.50m,Campeonato Brasileiro Série A
743593,Rodriguinho,2004,Central Midfield,"1,85 m",right,€3.00m,Campeonato Brasileiro Série A
223560,Luciano,1993,Second Striker,"1,81 m",left,€2.50m,Campeonato Brasileiro Série A
331057,Luis Orejuela,1995,Right-Back,"1,80 m",right,€500k,Campeonato Brasileiro Série A
892089,Pablo Maia,2002,Defensive Midfield,"1,78 m",right,€12.00m,Campeonato Brasileiro Série A
330682,Jhegson Méndez,1997,Defensive Midfield,"1,80 m",right,€1.00m,Campeonato Brasileiro Série A
978951,Romeo Benítez,2002,Left Winger,"1,70 m",right,€1.30m,Campeonato Brasileiro Série A
457533,Agustín Canobbio,1998,Left Winger,"1,75 m",right,€4.50m,Campeonato Brasileiro Série A
924533,Jader Gentil,2003,Left Winger,"1,73 m",right,€500k,Campeonato Brasileiro Série A
45431,Thiago Heleno,1988,Centre-Back,"1,87 m",right,€300k,Campeonato Brasileiro Série A
633377,Kaique Rocha,2001,Centre-Back,"1,95 m",right,€3.00m,Campeonato Brasileiro Série A
668230,Lucas Belezi,2003,Centre-Back,"1,86 m",right,€750k,Campeonato Brasileiro Série A
957874,Rômulo,2002,Centre-Forward,"1,93 m",right,€3.70m,Campeonato Brasileiro Série A
1221388,Diogo Riquelme,2005,Defensive Midfield,"1,81 m",,,Campeonato Brasileiro Série A
829969,Lucas Esquivel,2001,Left-Back,"1,83 m",left,€3.50m,Campeonato Brasileiro Série A
439108,Lucas Di Yorio,1996,Centre-Forward,"1,90 m",right,€2.00m,Campeonato Brasileiro Série A
658676,Vinicius Kauê,2003,Left-Back,"1,81 m",left,€650k,Campeonato Brasileiro Série A
503052,Tomás Cuello,2000,Left Winger,"1,76 m",right,€3.00m,Campeonato Brasileiro Série A
1052819,Léo Derik,2005,Left-Back,"1,66 m",left,,Campeonato Brasileiro Série A
869007,Renan Viana,2003,Centre-Forward,"1,89 m",right,€275k,Campeonato Brasileiro Série A
731057,Fernando,1999,Left-Back,"1,81 m",left,€450k,Campeonato Brasileiro Série A
1004728,Dudu,2006,Attacking Midfield,"1,77 m",left,€1.00m,Campeonato Brasileiro Série A
627216,Kawan Gabriel,2002,Central Midfield,"1,80 m",right,-,Campeonato Brasileiro Série A
627213,Gabriel Pereira,2002,Goalkeeper,"1,95 m",right,€175k,Campeonato Brasileiro Série A
1191944,Andrey Carvalho,2005,Attacking Midfield,"1,71 m",left,€100k,Campeonato Brasileiro Série A
658678,Christian,2000,Central Midfield,"1,78 m",right,€7.00m,Campeonato Brasileiro Série A
329720,Pedro Henrique,1995,Centre-Back,"1,88 m",right,€3.00m,Campeonato Brasileiro Série A
1084186,Danielzinho,2002,Attacking Midfield,"1,69 m",right,€150k,Campeonato Brasileiro Série A
219835,Alex Santana,1995,Central Midfield,"1,82 m",right,€2.00m,Campeonato Brasileiro Série A
1122597,Matheus Soares,2005,Goalkeeper,"1,90 m",left,,Campeonato Brasileiro Série A
1115489,Felipinho,2001,Central Midfield,"1,83 m",left,€800k,Campeonato Brasileiro Série A
825780,Zé Vitor,2000,Central Midfield,"1,94 m",right,€600k,Campeonato Brasileiro Série A
177845,Madson,1992,Right-Back,"1,82 m",right,€450k,Campeonato Brasileiro Série A
633212,Erick,1997,Defensive Midfield,"1,76 m",right,€4.00m,Campeonato Brasileiro Série A
1031292,Walace França,2005,Attack,"1,87 m",left,,Campeonato Brasileiro Série A
691906,Bento,1999,Goalkeeper,"1,90 m",right,€12.00m,Campeonato Brasileiro Série A
1273513,Kayke Santos,2008,Attack,"1,77 m",,,Campeonato Brasileiro Série A
978057,Petterson,2004,Left Winger,"1,81 m",right,€750k,Campeonato Brasileiro Série A
711600,Bruno Zapelli,2002,Attacking Midfield,"1,83 m",right,€5.00m,Campeonato Brasileiro Série A
899060,Filipe,2003,Goalkeeper,"1,93 m",right,€150k,Campeonato Brasileiro Série A
788861,Matheus Babi,1997,Centre-Forward,"1,91 m",right,€400k,Campeonato Brasileiro Série A
743586,Mycael,2004,Goalkeeper,"1,91 m",left,€4.00m,Campeonato Brasileiro Série A
882916,Matheus Felipe,1998,Centre-Back,"1,86 m",right,€1.00m,Campeonato Brasileiro Série A
661245,Mateo Gamarra,2000,Centre-Back,"1,83 m",left,€2.00m,Campeonato Brasileiro Série A
26267,Fernandinho,1985,Defensive Midfield,"1,79 m",right,€300k,Campeonato Brasileiro Série A
658674,Luan Patrick,2002,Centre-Back,"1,90 m",right,€1.30m,Campeonato Brasileiro Série A
1196689,Marcos André,2006,Centre-Back,"1,95 m",,,Campeonato Brasileiro Série A
742034,Léo Linck,2001,Goalkeeper,"1,94 m",right,€1.00m,Campeonato Brasileiro Série A
1233473,Arthur Dias,2007,Centre-Back,,,,Campeonato Brasileiro Série A
743599,Emersonn,2004,Centre-Forward,"1,86 m",right,€600k,Campeonato Brasileiro Série A
148765,Pablo,1992,Centre-Forward,"1,85 m",right,€750k,Campeonato Brasileiro Série A
369556,Leonardo Godoy,1995,Right-Back,"1,73 m",right,€3.50m,Campeonato Brasileiro Série A
593205,Julimar,2001,Centre-Forward,"1,88 m",right,€1.50m,Campeonato Brasileiro Série A
1004738,João Cruz,2006,Central Midfield,"1,72 m",right,€500k,Campeonato Brasileiro Série A
195882,Gonzalo Mastriani,1993,Centre-Forward,"1,82 m",left,€2.00m,Campeonato Brasileiro Série A
435485,Luiz Araújo,1996,Right Winger,"1,75 m",left,€4.00m,Campeonato Brasileiro Série A
321239,Everton,1996,Left Winger,"1,74 m",right,€9.00m,Campeonato Brasileiro Série A
1082609,Daniel Sales,2006,Right-Back,"1,78 m",right,,Campeonato Brasileiro Série A
1069871,Zé Welinton,2004,Left-Back,"1,69 m",left,€250k,Campeonato Brasileiro Série A
1311432,Luis Aucélio,2006,Defensive Midfield,,,,Campeonato Brasileiro Série A
876739,Matheus Cunha,2001,Goalkeeper,"1,93 m",right,€3.00m,Campeonato Brasileiro Série A
1082543,Dyogo Alves,2004,Goalkeeper,"1,88 m",right,,Campeonato Brasileiro Série A
978037,Igor Jesus,2003,Defensive Midfield,"1,79 m",right,€2.00m,Campeonato Brasileiro Série A
1082544,João Vitor,2004,Goalkeeper,,,,Campeonato Brasileiro Série A
385271,Allan,1997,Defensive Midfield,"1,72 m",left,€5.00m,Campeonato Brasileiro Série A
363173,Carlinhos,1997,Centre-Forward,"1,95 m",right,€700k,Campeonato Brasileiro Série A
1005007,Da Mata,2006,Centre-Back,"1,85 m",right,€300k,Campeonato Brasileiro Série A
1193868,João Victor,2007,Centre-Back,"1,86 m",right,,Campeonato Brasileiro Série A
638305,Thiaguinho,2001,Right Winger,"1,70 m",left,€700k,Campeonato Brasileiro Série A
520392,Michael,1996,Left Winger,"1,66 m",right,€7.00m,Campeonato Brasileiro Série A
961046,Matheus Gonçalves,2005,Right Winger,"1,75 m",left,€4.00m,Campeonato Brasileiro Série A
215616,Erick Pulgar,1994,Defensive Midfield,"1,87 m",right,€5.00m,Campeonato Brasileiro Série A
902438,Werton,2003,Left Winger,"1,70 m",right,€900k,Campeonato Brasileiro Série A
1012174,Iago Teodoro,2005,Centre-Back,"1,88 m",right,,Campeonato Brasileiro Série A
397458,Nicolás de la Cruz,1997,Central Midfield,"1,67 m",right,€18.00m,Campeonato Brasileiro Série A
1087860,Caio Barone,2006,Goalkeeper,"1,96 m",right,,Campeonato Brasileiro Série A
998742,Ogundana Shola,2005,Left Winger,"1,72 m",right,,Campeonato Brasileiro Série A
1221548,Carbone,2005,Centre-Back,"1,87 m",left,,Campeonato Brasileiro Série A
1096516,Pedro Estevam,2005,Centre-Forward,"1,91 m",,,Campeonato Brasileiro Série A
432773,Fabrício Bruno,1996,Centre-Back,"1,92 m",right,€7.00m,Campeonato Brasileiro Série A
1223685,João Alves,2005,Central Midfield,,,,Campeonato Brasileiro Série A
603898,Santiago Ocampos,2002,Right-Back,"1,78 m",right,€250k,Campeonato Brasileiro Série A
1220277,Lucyan,2006,Right-Back,"1,78 m",right,,Campeonato Brasileiro Série A
627215,Gabriel Noga,2002,Centre-Back,"1,83 m",right,€700k,Campeonato Brasileiro Série A
79960,Alex Sandro,1991,Left-Back,"1,80 m",left,€1.80m,Campeonato Brasileiro Série A
943237,Cleiton,2003,Centre-Back,"1,94 m",left,€600k,Campeonato Brasileiro Série A
594226,Matheuzinho,2000,Right-Back,"1,71 m",right,€4.00m,Campeonato Brasileiro Série A
46741,David Luiz,1987,Centre-Back,"1,89 m",right,€300k,Campeonato Brasileiro Série A
1087842,Rayan Lucas,2005,Defensive Midfield,"1,85 m",right,,Campeonato Brasileiro Série A
886563,Diegão,2003,Centre-Back,"1,88 m",right,€450k,Campeonato Brasileiro Série A
1082602,Wallace Yan,2005,Centre-Forward,"1,80 m",right,,Campeonato Brasileiro Série A
349585,Ayrton Lucas,1997,Left-Back,"1,80 m",left,€8.00m,Campeonato Brasileiro Série A
188862,Guillermo Varela,1993,Right-Back,"1,73 m",right,€1.50m,Campeonato Brasileiro Série A
432895,Pedro,1997,Centre-Forward,"1,85 m",right,€23.00m,Campeonato Brasileiro Série A
439072,Matías Viña,1997,Left-Back,"1,75 m",left,€10.00m,Campeonato Brasileiro Série A
1222735,Fabiano,2005,Defensive Midfield,"1,83 m",,,Campeonato Brasileiro Série A
1005586,Pedro Leão,2006,Attacking Midfield,,,,Campeonato Brasileiro Série A
353108,Bruno Henrique,1990,Left Winger,"1,84 m",right,€1.20m,Campeonato Brasileiro Série A
1087843,Lucas Furtado,2005,Goalkeeper,"1,97 m",,,Campeonato Brasileiro Série A
931007,Evertton Araújo,2003,Defensive Midfield,"1,85 m",right,€5.00m,Campeonato Brasileiro Série A
1094962,Ainoã,2005,Left-Back,"1,86 m",left,,Campeonato Brasileiro Série A
1220446,Felipe Teresa,2006,Right Winger,,left,,Campeonato Brasileiro Série A
341705,Gerson,1997,Central Midfield,"1,84 m",left,€20.00m,Campeonato Brasileiro Série A
1226703,Guilherme Gomes,2006,Central Midfield,"1,81 m",right,,Campeonato Brasileiro Série A
288431,Léo Pereira,1996,Centre-Back,"1,89 m",left,€9.00m,Campeonato Brasileiro Série A
1087854,Daniel Rogério,2005,Defensive Midfield,"1,73 m",right,,Campeonato Brasileiro Série A
1119010,João Marcos,2005,Midfield,"1,80 m",,,Campeonato Brasileiro Série A
244275,Gabriel Barbosa,1996,Centre-Forward,"1,78 m",left,€6.00m,Campeonato Brasileiro Série A
374136,Léo Ortiz,1996,Centre-Back,"1,85 m",right,€11.00m,Campeonato Brasileiro Série A
748319,Carlos Alcaraz,2002,Central Midfield,"1,83 m",right,€14.00m,Campeonato Brasileiro Série A
248410,Giorgian de Arrascaeta,1994,Attacking Midfield,"1,74 m",right,€14.00m,Campeonato Brasileiro Série A
592735,Gonzalo Plata,2000,Right Winger,"1,78 m",left,€6.00m,Campeonato Brasileiro Série A
1226704,Victor Thiago,2006,Centre-Back,"1,83 m",right,,Campeonato Brasileiro Série A
352324,Agustín Rossi,1995,Goalkeeper,"1,93 m",right,€7.00m,Campeonato Brasileiro Série A
1015973,Caio Garcia,2004,Defensive Midfield,"1,75 m",right,,Campeonato Brasileiro Série A
964580,Wesley,2003,Right-Back,"1,78 m",right,€9.00m,Campeonato Brasileiro Série A
1082600,Jean Carlos,2004,Defensive Midfield,"1,75 m",left,,Campeonato Brasileiro Série A
749559,Victor Hugo,2004,Central Midfield,"1,82 m",left,€5.00m,Campeonato Brasileiro Série A
1009030,Lorran,2006,Attacking Midfield,"1,80 m",left,€12.00m,Campeonato Brasileiro Série A
1025717,Weliton,2005,Centre-Forward,"1,87 m",right,,Campeonato Brasileiro Série A
923299,Felipe Lima,2006,Centre-Forward,"1,82 m",,,Campeonato Brasileiro Série A
468247,Cleiton,1997,Goalkeeper,"1,90 m",right,€2.50m,Campeonato Brasileiro Série A
791721,Kawê,2002,Right Winger,"1,75 m",right,€300k,Campeonato Brasileiro Série A
1097826,Riquelme,2006,Defensive Midfield,,left,,Campeonato Brasileiro Série A
564919,João Neto,2003,Central Midfield,"1,86 m",right,-,Campeonato Brasileiro Série A
412365,Helinho,2000,Right Winger,"1,75 m",left,€8.00m,Campeonato Brasileiro Série A
1005640,Arthur Sousa,2003,Centre-Forward,"1,84 m",right,€800k,Campeonato Brasileiro Série A
975191,Henry Mosquera,2001,Left Winger,"1,75 m",right,€2.00m,Campeonato Brasileiro Série A
839034,Everton,2002,Left Winger,"1,70 m",left,€100k,Campeonato Brasileiro Série A
1093703,Danilo Ferreira,2004,Right-Back,"1,80 m",right,,Campeonato Brasileiro Série A
612162,Jadsom,2001,Defensive Midfield,"1,76 m",right,€4.00m,Campeonato Brasileiro Série A
432166,Luan Cândido,2001,Left-Back,"1,87 m",left,€6.00m,Campeonato Brasileiro Série A
1090856,Vitinho Mota,2003,Attacking Midfield,,,€50k,Campeonato Brasileiro Série A
1277170,Juliano Viana,2008,Attack,,,,Campeonato Brasileiro Série A
656409,Leo Realpe,2001,Centre-Back,"1,86 m",right,€1.00m,Campeonato Brasileiro Série A
1174214,Sergio Palacios,2005,Centre-Back,"1,95 m",right,€900k,Campeonato Brasileiro Série A
479587,Raul,1996,Defensive Midfield,"1,80 m",right,€1.50m,Campeonato Brasileiro Série A
1082596,Marquinhos,2004,Central Midfield,"1,80 m",left,,Campeonato Brasileiro Série A
1084069,Gustavo Reis,2005,Goalkeeper,"1,90 m",right,,Campeonato Brasileiro Série A
921863,Douglas Mendes,2004,Centre-Back,"1,89 m",right,€2.00m,Campeonato Brasileiro Série A
980001,Rai,2004,Left Winger,"1,80 m",,,Campeonato Brasileiro Série A
1098970,Kelvin Flórez,2004,Left Winger,"1,77 m",right,€100k,Campeonato Brasileiro Série A
1084070,Willian Chumbinho,2003,Defensive Midfield,,,,Campeonato Brasileiro Série A
355496,Lucas Cunha,1997,Centre-Back,"1,86 m",right,€1.80m,Campeonato Brasileiro Série A
722457,Fabrício,2000,Goalkeeper,"1,90 m",right,€100k,Campeonato Brasileiro Série A
1127821,Rubens,2006,Goalkeeper,,,,Campeonato Brasileiro Série A
680506,José Andrés Hurtado,2001,Right-Back,"1,78 m",right,€1.80m,Campeonato Brasileiro Série A
843499,Caetano,2002,Defensive Midfield,"1,83 m",right,,Campeonato Brasileiro Série A
984107,Johan Caicedo,2004,Defensive Midfield,,,€600k,Campeonato Brasileiro Série A
351738,Lincoln,1998,Attacking Midfield,"1,78 m",left,€4.00m,Campeonato Brasileiro Série A
668234,Bruninho,2003,Attacking Midfield,"1,74 m",right,€2.50m,Campeonato Brasileiro Série A
670965,Vitinho,1999,Left Winger,"1,80 m",right,€6.50m,Campeonato Brasileiro Série A
1082593,Vinicinho,2004,Left Winger,"1,74 m",right,€700k,Campeonato Brasileiro Série A
577407,Ignacio Laquintana,1999,Right Winger,"1,73 m",right,€800k,Campeonato Brasileiro Série A
1091994,Filipe,2006,Attack,,,,Campeonato Brasileiro Série A
406676,Juninho Capixaba,1997,Left-Back,"1,76 m",left,€3.00m,Campeonato Brasileiro Série A
412372,Lucão,2001,Goalkeeper,"1,90 m",right,€1.50m,Campeonato Brasileiro Série A
564546,Eduardo,1997,Centre-Back,"1,96 m",right,€900k,Campeonato Brasileiro Série A
614328,Eric Ramires,2000,Central Midfield,"1,72 m",right,€3.50m,Campeonato Brasileiro Série A
1096506,Isac,2006,Centre-Back,"1,86 m",right,,Campeonato Brasileiro Série A
1096507,Alexandre Pena,2005,Attacking Midfield,,,,Campeonato Brasileiro Série A
1084081,Gustavo Neves,2004,Central Midfield,"1,76 m",right,€2.50m,Campeonato Brasileiro Série A
323944,Vitinho,1998,Attacking Midfield,"1,76 m",right,€400k,Campeonato Brasileiro Série A
887801,Nathan Mendes,2002,Right-Back,"1,82 m",right,€1.00m,Campeonato Brasileiro Série A
1120188,Rafael Lima,2006,Defensive Midfield,,,,Campeonato Brasileiro Série A
149716,Ivan Cavaleiro,1993,Left Winger,"1,75 m",right,€1.20m,Campeonato Brasileiro Série A
1072796,Dija,2003,Right-Back,,right,,Campeonato Brasileiro Série A
978039,Marcos Paulo,2003,Left-Back,"1,83 m",left,-,Campeonato Brasileiro Série A
1084068,Kauan,2003,Centre-Back,,right,,Campeonato Brasileiro Série A
678502,Guilherme Lopes,2002,Left-Back,"1,78 m",left,€500k,Campeonato Brasileiro Série A
351892,Matheus Fernandes,1998,Defensive Midfield,"1,83 m",right,€2.00m,Campeonato Brasileiro Série A
1130185,Yuri Leles,2007,Attacking Midfield,,,,Campeonato Brasileiro Série A
1113413,Gabriel Lopes,2006,Attacking Midfield,,,,Campeonato Brasileiro Série A
162883,Eduardo Sasha,1992,Centre-Forward,"1,73 m",right,€1.80m,Campeonato Brasileiro Série A
1124554,João Tilápia,2005,Attack,,,,Campeonato Brasileiro Série A
743951,Thiago Borbas,2002,Centre-Forward,"1,86 m",right,€6.00m,Campeonato Brasileiro Série A
270188,Lucas Evangelista,1995,Central Midfield,"1,81 m",left,€3.00m,Campeonato Brasileiro Série A
1084074,Talisson,2002,Left Winger,"1,88 m",right,€500k,Campeonato Brasileiro Série A
1116537,Kevyn Monteiro,2005,Centre-Back,,,,Campeonato Brasileiro Série A
933879,Juan Tavares,2002,Left-Back,"1,79 m",left,€350k,Campeonato Brasileiro Série A
169179,Alan Empereur,1994,Centre-Back,"1,86 m",left,€750k,Campeonato Brasileiro Série A
995883,Gabriel,2003,Centre-Back,"1,85 m",right,€700k,Campeonato Brasileiro Série A
1127843,Dyego,2005,Centre-Forward,"1,83 m",,,Campeonato Brasileiro Série A
617687,Matheus Alexandre,1999,Right-Back,"1,88 m",right,€1.50m,Campeonato Brasileiro Série A
1096546,Felipe,2005,Goalkeeper,,,,Campeonato Brasileiro Série A
392809,Clayson,1995,Left Winger,"1,66 m",right,€1.20m,Campeonato Brasileiro Série A
269860,Walter,1987,Goalkeeper,"1,88 m",right,€200k,Campeonato Brasileiro Série A
876343,Max,2001,Attacking Midfield,"1,87 m",left,€500k,Campeonato Brasileiro Série A
1083249,Tarcísio,2003,Left-Back,"1,81 m",left,,Campeonato Brasileiro Série A
973567,Gabryel Freitas,2002,Left Winger,"1,68 m",right,-,Campeonato Brasileiro Série A
336158,Gustavo Sauer,1993,Right Winger,"1,81 m",left,€1.00m,Campeonato Brasileiro Série A
675178,Isidro Pitta,1999,Centre-Forward,"1,83 m",right,€5.50m,Campeonato Brasileiro Série A
1223701,Kauan Cristtyan,2006,Left Winger,,right,,Campeonato Brasileiro Série A
390695,Allyson,1990,Centre-Back,"1,84 m",right,€150k,Campeonato Brasileiro Série A
985755,Luciano Giménez,2000,Centre-Forward,"1,87 m",right,€800k,Campeonato Brasileiro Série A
519851,André Luis,1997,Right Winger,"1,79 m",left,€800k,Campeonato Brasileiro Série A
1081036,Guilherme Madruga,2000,Defensive Midfield,"1,87 m",right,€600k,Campeonato Brasileiro Série A
752558,Railan,2000,Right-Back,"1,85 m",right,€150k,Campeonato Brasileiro Série A
874287,Gustavo Nescau,2000,Centre-Forward,"1,89 m",right,€100k,Campeonato Brasileiro Série A
1094414,Jadson,2005,Right Winger,,,€150k,Campeonato Brasileiro Série A
1092749,Luiz Felipe,2004,Central Midfield,"1,78 m",,-,Campeonato Brasileiro Série A
432958,Lucas Mineiro,1996,Defensive Midfield,"1,88 m",left,€1.30m,Campeonato Brasileiro Série A
1116620,Rhyan,2006,Goalkeeper,"1,88 m",,€50k,Campeonato Brasileiro Série A
1224595,Marcelo Henrique,2005,Left-Back,,,,Campeonato Brasileiro Série A
166032,Marllon,1992,Centre-Back,"1,86 m",right,€450k,Campeonato Brasileiro Série A
663578,Ramon,2001,Left-Back,"1,79 m",left,€2.00m,Campeonato Brasileiro Série A
430761,Lucas Fernandes,1997,Attacking Midfield,"1,75 m",right,€1.80m,Campeonato Brasileiro Série A
862358,Rikelme,2003,Left-Back,"1,84 m",left,€2.00m,Campeonato Brasileiro Série A
177534,Bruno Alves,1991,Centre-Back,"1,85 m",right,€350k,Campeonato Brasileiro Série A
347100,Jonathan Cafu,1991,Right Winger,"1,75 m",right,€250k,Campeonato Brasileiro Série A
700933,Derik Lacerda,1999,Centre-Forward,"1,91 m",left,€750k,Campeonato Brasileiro Série A
1222769,Hernandes,2005,Right-Back,,right,,Campeonato Brasileiro Série A
350342,Fernando Sobral,1994,Central Midfield,"1,78 m",right,€1.80m,Campeonato Brasileiro Série A
212899,Filipe Augusto,1993,Defensive Midfield,"1,83 m",left,€600k,Campeonato Brasileiro Série A
1096475,David,2007,Attacking Midfield,,,,Campeonato Brasileiro Série A
349418,Mateus Pasinato,1992,Goalkeeper,"1,92 m",right,€200k,Campeonato Brasileiro Série A
1095384,Renan,2004,Centre-Back,"1,85 m",left,,Campeonato Brasileiro Série A
1100785,Niltinho,2005,Attacking Midfield,,,,Campeonato Brasileiro Série A
1223923,Luis Soares,2005,Centre-Back,"1,91 m",right,,Campeonato Brasileiro Série A
1111733,Eduardo Vinícius,2005,Defensive Midfield,,,,Campeonato Brasileiro Série A
1035650,Eliel,2003,Left Winger,"1,75 m",right,€450k,Campeonato Brasileiro Série A
1116618,Vinicius Dorneles,2004,Centre-Back,"1,87 m",,,Campeonato Brasileiro Série A
808507,Denilson,2001,Central Midfield,"1,80 m",right,€1.80m,Campeonato Brasileiro Série A
22415,Fábio,1980,Goalkeeper,"1,88 m",right,€100k,Campeonato Brasileiro Série A
884070,Felipe Andrade,2002,Centre-Back,"1,82 m",right,€1.00m,Campeonato Brasileiro Série A
35537,Felipe Melo,1983,Defensive Midfield,"1,83 m",right,-,Campeonato Brasileiro Série A
815558,Martinelli,2001,Central Midfield,"1,76 m",right,€9.00m,Campeonato Brasileiro Série A
972864,Lelê,1997,Centre-Forward,"1,89 m",right,€1.20m,Campeonato Brasileiro Série A
994621,Edinho,2001,Attacking Midfield,"1,71 m",right,-,Campeonato Brasileiro Série A
686597,Calegari,2002,Right-Back,"1,71 m",right,€4.00m,Campeonato Brasileiro Série A
346922,Thiago Santos,1989,Centre-Back,"1,81 m",right,€200k,Campeonato Brasileiro Série A
994623,Davi,2002,Centre-Back,"1,84 m",right,,Campeonato Brasileiro Série A
898350,Facundo Bernal,2003,Defensive Midfield,"1,87 m",right,€1.50m,Campeonato Brasileiro Série A
167724,Diogo Barbosa,1992,Left-Back,"1,79 m",left,€350k,Campeonato Brasileiro Série A
1119009,Kauã Elias,2006,Centre-Forward,"1,81 m",right,€9.00m,Campeonato Brasileiro Série A
29241,Thiago Silva,1984,Centre-Back,"1,81 m",right,€800k,Campeonato Brasileiro Série A
997717,Justen,2003,Centre-Back,"1,85 m",,,Campeonato Brasileiro Série A
1124296,Matheus Reis,2007,Left Winger,"1,80 m",right,,Campeonato Brasileiro Série A
739439,Alexandre Jesus,2001,Left Winger,"1,84 m",right,€500k,Campeonato Brasileiro Série A
1089609,Kayky Almeida,2005,Centre-Back,"1,85 m",left,€600k,Campeonato Brasileiro Série A
387611,Lima,1996,Attacking Midfield,"1,81 m",right,€2.50m,Campeonato Brasileiro Série A
520454,Nino,1997,Centre-Back,"1,88 m",right,€10.00m,Campeonato Brasileiro Série A
189682,Felipe Alves,1988,Goalkeeper,"1,87 m",left,-,Campeonato Brasileiro Série A
624291,Ignácio,1996,Centre-Back,"1,90 m",right,€1.20m,Campeonato Brasileiro Série A
901014,Gustavo Apis,1999,Central Midfield,"1,76 m",left,-,Campeonato Brasileiro Série A
745927,Kevin Serna,1997,Right Winger,"1,82 m",right,€1.20m,Campeonato Brasileiro Série A
1084667,Isaac,2004,Left Winger,"1,70 m",right,€1.50m,Campeonato Brasileiro Série A
1219749,Riquelme,2007,Right Winger,,,,Campeonato Brasileiro Série A
1089610,Dohmann,2005,Defensive Midfield,,,,Campeonato Brasileiro Série A
668268,Marquinhos,2003,Right Winger,"1,75 m",left,€6.00m,Campeonato Brasileiro Série A
884069,Gustavo Ramalho,2002,Goalkeeper,"2,00 m",right,€100k,Campeonato Brasileiro Série A
480686,Gabriel Fuentes,1997,Left-Back,"1,80 m",left,€1.50m,Campeonato Brasileiro Série A
1219752,Isaque,2007,Attacking Midfield,,right,,Campeonato Brasileiro Série A
113586,Manoel,1990,Centre-Back,"1,81 m",right,€200k,Campeonato Brasileiro Série A
740167,Wallace,2001,Central Midfield,"1,78 m",right,€200k,Campeonato Brasileiro Série A
1116638,Kevyn,2005,Goalkeeper,,,,Campeonato Brasileiro Série A
997714,Alexsander,2003,Defensive Midfield,"1,78 m",left,€6.00m,Campeonato Brasileiro Série A
1004737,Esquerdinha,2006,Left-Back,"1,83 m",left,€3.00m,Campeonato Brasileiro Série A
856085,John Kennedy,2002,Centre-Forward,"1,73 m",right,€5.50m,Campeonato Brasileiro Série A
800176,André,2001,Defensive Midfield,"1,76 m",right,€25.00m,Campeonato Brasileiro Série A
590039,Vitor Eudes,1998,Goalkeeper,"1,94 m",right,€400k,Campeonato Brasileiro Série A
261309,David Terans,1994,Attacking Midfield,"1,76 m",left,€3.00m,Campeonato Brasileiro Série A
1279908,Wallace Davi,2007,Defensive Midfield,,,,Campeonato Brasileiro Série A
909360,Jan Lucumi,2004,Right Winger,"1,78 m",right,€200k,Campeonato Brasileiro Série A
743585,Arthur Wenderroscky,2005,Attacking Midfield,"1,73 m",left,€700k,Campeonato Brasileiro Série A
75615,Douglas Costa,1990,Right Winger,"1,72 m",left,€700k,Campeonato Brasileiro Série A
167291,Gabriel Pires,1993,Defensive Midfield,"1,87 m",left,€1.80m,Campeonato Brasileiro Série A
592344,Guga,1998,Right-Back,"1,73 m",right,€2.00m,Campeonato Brasileiro Série A
346065,Keno,1989,Left Winger,"1,74 m",right,€600k,Campeonato Brasileiro Série A
588989,Jhon Arias,1997,Right Winger,"1,68 m",right,€16.00m,Campeonato Brasileiro Série A
1083669,Rafael Monteiro,2004,Left-Back,"1,73 m",left,,Campeonato Brasileiro Série A
1086260,Thiago,2004,Defensive Midfield,,,,Campeonato Brasileiro Série A
678376,Luan Freitas,2001,Centre-Back,"1,84 m",right,€100k,Campeonato Brasileiro Série A
1045599,Victor Hugo,2004,Central Midfield,"1,82 m",right,€200k,Campeonato Brasileiro Série A
884071,Marcos Pedro,2001,Left-Back,"1,74 m",left,€175k,Campeonato Brasileiro Série A
53226,David Braz,1987,Centre-Back,"1,88 m",right,€100k,Campeonato Brasileiro Série A
198250,Samuel Xavier,1990,Right-Back,"1,66 m",right,€350k,Campeonato Brasileiro Série A
375813,Cristiano,1993,Left-Back,"1,80 m",left,€400k,Campeonato Brasileiro Série A
273236,Marlon,1995,Centre-Back,"1,82 m",right,€3.50m,Campeonato Brasileiro Série A
67920,Ganso,1989,Attacking Midfield,"1,84 m",left,€500k,Campeonato Brasileiro Série A
54590,Germán Cano,1988,Centre-Forward,"1,76 m",right,€1.00m,Campeonato Brasileiro Série A
207446,Antônio Carlos,1993,Centre-Back,"1,91 m",right,€1.00m,Campeonato Brasileiro Série A
546172,Nonato,1998,Central Midfield,"1,75 m",right,€1.20m,Campeonato Brasileiro Série A
875339,João Neto,2003,Centre-Forward,"1,81 m",left,€250k,Campeonato Brasileiro Série A
992534,Jhonny,2002,Right-Back,"1,79 m",right,€150k,Campeonato Brasileiro Série A
44501,Marcelo,1988,Left-Back,"1,74 m",left,€1.00m,Campeonato Brasileiro Série A
53058,Renato Augusto,1988,Central Midfield,"1,86 m",right,€700k,Campeonato Brasileiro Série A
668262,Weverton,2003,Centre-Back,"1,83 m",right,€300k,Campeonato Brasileiro Série A
1084714,Robert,2005,Left Winger,"1,74 m",right,€1.50m,Campeonato Brasileiro Série A
1253814,Kenji,2006,Left Winger,"1,78 m",right,€700k,Campeonato Brasileiro Série A
625333,Rafael Bilu,1999,Right Winger,"1,74 m",left,€250k,Campeonato Brasileiro Série A
1220061,Tevis,2006,Right Winger,"1,80 m",both,€450k,Campeonato Brasileiro Série A
552549,Matheus Henrique,1997,Central Midfield,"1,75 m",right,€8.00m,Campeonato Brasileiro Série A
225984,Matheus Pereira,1996,Attacking Midfield,"1,75 m",left,€10.00m,Campeonato Brasileiro Série A
1083207,Jonathan Jesus,2004,Centre-Back,"1,87 m",right,€300k,Campeonato Brasileiro Série A
613873,Álvaro Barreal,2000,Left Midfield,"1,72 m",left,€5.00m,Campeonato Brasileiro Série A
987503,João Pedro,2003,Right Winger,"1,78 m",right,€400k,Campeonato Brasileiro Série A
1091608,Fernando,2005,Right Winger,"1,75 m",,€150k,Campeonato Brasileiro Série A
432157,Japa,2004,Central Midfield,"1,86 m",left,€300k,Campeonato Brasileiro Série A
211389,Helibelton Palacios,1993,Right-Back,"1,81 m",right,€900k,Campeonato Brasileiro Série A
1019701,Pedrão,2004,Centre-Back,"1,86 m",right,€200k,Campeonato Brasileiro Série A
627221,Gabriel Veron,2002,Right Winger,"1,76 m",right,€7.00m,Campeonato Brasileiro Série A
1097784,Dorival,2004,Right-Back,"1,85 m",right,,Campeonato Brasileiro Série A
288786,Juan Dinenno,1994,Centre-Forward,"1,86 m",right,€3.00m,Campeonato Brasileiro Série A
620477,Kaio Jorge,2002,Centre-Forward,"1,82 m",right,€4.50m,Campeonato Brasileiro Série A
371967,Wesley Gasolina,2000,Right-Back,"1,70 m",right,€1.50m,Campeonato Brasileiro Série A
50144,Cássio,1987,Goalkeeper,"1,95 m",left,€300k,Campeonato Brasileiro Série A
240913,Lucas Villalba,1994,Centre-Back,"1,79 m",left,€1.80m,Campeonato Brasileiro Série A
406675,Marlon,1997,Left-Back,"1,78 m",left,€5.50m,Campeonato Brasileiro Série A
991801,Ruan Santos,2003,Centre-Back,"1,87 m",right,€50k,Campeonato Brasileiro Série A
242201,Lucas Romero,1994,Defensive Midfield,"1,72 m",right,€2.80m,Campeonato Brasileiro Série A
815673,Fernando Henrique,2001,Defensive Midfield,"1,82 m",both,€1.00m,Campeonato Brasileiro Série A
1072630,Vitinho,2004,Central Midfield,"1,73 m",left,€600k,Campeonato Brasileiro Série A
213619,Rafa Silva,1992,Centre-Forward,"1,79 m",right,€350k,Campeonato Brasileiro Série A
661270,Fabrizio Peralta,2002,Defensive Midfield,"1,76 m",right,€2.00m,Campeonato Brasileiro Série A
587328,Rafael Elias,1999,Centre-Forward,"1,79 m",left,€2.00m,Campeonato Brasileiro Série A
401534,Arthur Gomes,1998,Left Winger,"1,75 m",right,€4.00m,Campeonato Brasileiro Série A
323954,Walace,1995,Defensive Midfield,"1,88 m",right,€5.00m,Campeonato Brasileiro Série A
408958,Mateus Vital,1998,Attacking Midfield,"1,75 m",right,€2.50m,Campeonato Brasileiro Série A
637809,Jhosefer,2004,Central Midfield,"1,70 m",right,€200k,Campeonato Brasileiro Série A
879217,Kaiki,2003,Left-Back,"1,72 m",left,€1.50m,Campeonato Brasileiro Série A
598974,Anderson,1998,Goalkeeper,"1,90 m",left,€700k,Campeonato Brasileiro Série A
484848,Zé Ivaldo,1997,Centre-Back,"1,85 m",right,€4.00m,Campeonato Brasileiro Série A
997463,Arthur Viana,2004,Centre-Forward,,,€250k,Campeonato Brasileiro Série A
1022342,Léo Aragão,2002,Goalkeeper,"1,92 m",right,€50k,Campeonato Brasileiro Série A
744024,João Marcelo,2000,Centre-Back,"1,89 m",right,€5.50m,Campeonato Brasileiro Série A
796796,Ian Luccas,2003,Central Midfield,"1,88 m",right,€500k,Campeonato Brasileiro Série A
1083235,Henrique Rodrigues,2003,Defensive Midfield,"1,84 m",right,-,Campeonato Brasileiro Série A
341710,William,1995,Right-Back,"1,71 m",right,€5.00m,Campeonato Brasileiro Série A
450211,José Cifuentes,1999,Central Midfield,"1,78 m",right,€6.00m,Campeonato Brasileiro Série A
218118,Lucas Silva,1993,Defensive Midfield,"1,81 m",right,€700k,Campeonato Brasileiro Série A
720294,Lautaro Díaz,1998,Centre-Forward,"1,81 m",right,€1.50m,Campeonato Brasileiro Série A
592373,Lucas Oliveira,1996,Centre-Back,"1,87 m",right,€1.70m,Campeonato Brasileiro Série A
258070,Ramiro,1993,Central Midfield,"1,69 m",right,€700k,Campeonato Brasileiro Série A
215915,Igor Coronado,1992,Attacking Midfield,"1,70 m",right,€3.00m,Campeonato Brasileiro Série A
262262,Ángel Romero,1992,Left Winger,"1,76 m",right,€1.20m,Campeonato Brasileiro Série A
1226626,Matheus Roger,2005,Goalkeeper,,,,Campeonato Brasileiro Série A
417327,Matías Rojas,1995,Attacking Midfield,"1,80 m",left,€4.00m,Campeonato Brasileiro Série A
1257133,Gui Negão,2007,Centre-Forward,,,,Campeonato Brasileiro Série A
1086636,Gabriel Moscardo,2005,Defensive Midfield,"1,85 m",right,€12.00m,Campeonato Brasileiro Série A
1005578,Pellegrin,2006,Right-Back,"1,71 m",right,,Campeonato Brasileiro Série A
730708,Hugo,1997,Left-Back,"1,79 m",left,€1.50m,Campeonato Brasileiro Série A
1005650,Tchoca,2003,Centre-Back,"1,92 m",right,€500k,Campeonato Brasileiro Série A
603122,Cacá,1999,Centre-Back,"1,87 m",right,€3.00m,Campeonato Brasileiro Série A
468174,Félix Torres,1997,Centre-Back,"1,87 m",right,€4.00m,Campeonato Brasileiro Série A
175792,André Ramalho,1992,Centre-Back,"1,82 m",both,€2.50m,Campeonato Brasileiro Série A
970339,Vitor Meer,2004,Left-Back,"1,80 m",left,,Campeonato Brasileiro Série A
1082700,Kayke,2004,Right Winger,,right,€250k,Campeonato Brasileiro Série A
421935,Maycon,1997,Central Midfield,"1,75 m",left,€3.00m,Campeonato Brasileiro Série A
625345,Caetano,1999,Centre-Back,"1,82 m",left,€2.00m,Campeonato Brasileiro Série A
838387,Léo Mana,2004,Right-Back,"1,79 m",right,€800k,Campeonato Brasileiro Série A
743831,Renato Santos,2004,Centre-Back,"1,88 m",right,,Campeonato Brasileiro Série A
670021,Matheus Bidu,1999,Left-Back,"1,72 m",left,€2.50m,Campeonato Brasileiro Série A
678853,Matheus Araújo,2002,Attacking Midfield,"1,76 m",right,€2.00m,Campeonato Brasileiro Série A
1226627,Rafael Venâncio,2006,Centre-Back,"1,84 m",left,,Campeonato Brasileiro Série A
743590,Biro,2004,Right Winger,"1,71 m",left,€3.00m,Campeonato Brasileiro Série A
1227689,Yago,2006,Defensive Midfield,,,,Campeonato Brasileiro Série A
1257129,Luiz Fernando,2007,Right Winger,,left,,Campeonato Brasileiro Série A
1005165,Giovane,2003,Centre-Forward,"1,84 m",left,€3.50m,Campeonato Brasileiro Série A
135057,André Carrillo,1991,Central Midfield,"1,80 m",right,€1.20m,Campeonato Brasileiro Série A
1005642,Ryan,2003,Defensive Midfield,"1,70 m",left,€2.00m,Campeonato Brasileiro Série A
1029227,Breno Bidon,2005,Central Midfield,"1,78 m",left,€8.00m,Campeonato Brasileiro Série A
208681,Gustavo Henrique,1993,Centre-Back,"1,94 m",right,€1.00m,Campeonato Brasileiro Série A
798106,Ruan Oliveira,2000,Central Midfield,"1,76 m",right,€700k,Campeonato Brasileiro Série A
1005656,Felipe Longo,2005,Goalkeeper,"1,89 m",right,,Campeonato Brasileiro Série A
546530,Raniele,1996,Defensive Midfield,"1,84 m",right,€3.50m,Campeonato Brasileiro Série A
1007378,Wesley,2005,Left Winger,"1,80 m",right,€6.00m,Campeonato Brasileiro Série A
574901,Hugo Souza,1999,Goalkeeper,"1,99 m",right,€8.00m,Campeonato Brasileiro Série A
547443,Pedro Raul,1996,Centre-Forward,"1,93 m",right,€2.00m,Campeonato Brasileiro Série A
425567,Diego Palacios,1999,Left-Back,"1,69 m",left,€2.20m,Campeonato Brasileiro Série A
415666,José Martínez,1994,Defensive Midfield,"1,78 m",right,€3.00m,Campeonato Brasileiro Série A
1226628,Yago,2007,Centre-Back,,left,,Campeonato Brasileiro Série A
47592,Fagner,1989,Right-Back,"1,68 m",right,€350k,Campeonato Brasileiro Série A
167850,Memphis Depay,1994,Centre-Forward,"1,78 m",right,€10.00m,Campeonato Brasileiro Série A
273738,Héctor Hernández,1995,Centre-Forward,"1,80 m",right,€1.70m,Campeonato Brasileiro Série A
792345,Raul Gustavo,1999,Centre-Back,"1,89 m",left,€2.00m,Campeonato Brasileiro Série A
708723,Matheus Donelli,2002,Goalkeeper,"1,87 m",right,€2.00m,Campeonato Brasileiro Série A
57229,Paulinho,1988,Central Midfield,"1,83 m",right,-,Campeonato Brasileiro Série A
486078,Charles,1996,Central Midfield,"1,87 m",right,€1.20m,Campeonato Brasileiro Série A
677512,Talles Magno,2002,Left Winger,"1,86 m",right,€7.00m,Campeonato Brasileiro Série A
489893,Yuri Alberto,2001,Centre-Forward,"1,83 m",right,€14.00m,Campeonato Brasileiro Série A
641458,Carlos Miguel,1998,Goalkeeper,"2,04 m",left,€4.00m,Campeonato Brasileiro Série A
565009,Rodrigo Garro,1998,Attacking Midfield,"1,74 m",left,€14.00m,Campeonato Brasileiro Série A
1084128,GH,2006,Left Winger,"1,72 m",right,,Campeonato Brasileiro Série A
